DEPARTAMENTO,SUBCATEGORIA,REF_Combinada,Referencia,Ext. 1 detalle,Ext. 2 detalle,Disp.
P001 - COMEDORES,BIBL - BIBLIOTECAS,XA0669:00189:,XA0669,00189,"",2
P001 - COMEDORES,BIFT - BIFFET,BR0031:00198:,BR0031,00198,"",32
P001 - COMEDORES,BIFT - BIFFET,XA0543:00183:,XA0543,00183,"",5
P001 - COMEDORES,BIFT - BIFFET,XA0698:00183:,XA0698,00183,"",2
P001 - COMEDORES,BIFT - BIFFET,XC0041:00001:,XC0041,00001,"",60
P001 - COMEDORES,BIFT - BIFFET,XC0064::,XC0064,"","",23
P001 - COMEDORES,BIFT - BIFFET,XC0078::,XC0078,"","",14
P001 - COMEDORES,BIFT - BIFFET,XZ0483:00005:,XZ0483,00005,"",2
P001 - COMEDORES,BIFT - BIFFET,XZ0484:00001:,XZ0484,00001,"",11
P001 - COMEDORES,CONS - CONSOLAS,BR0032:00198:,BR0032,00198,"",30
P001 - COMEDORES,CONS - CONSOLAS,BR0037::,BR0037,"","",12
P001 - COMEDORES,CONS - CONSOLAS,BR0049::,BR0049,"","",14
P001 - COMEDORES,CONS - CONSOLAS,BR0050::,BR0050,"","",22
P001 - COMEDORES,CONS - CONSOLAS,XA0090:00149:,XA0090,00149,"",2
P001 - COMEDORES,CONS - CONSOLAS,XA0413:00026:,XA0413,00026,"",24
P001 - COMEDORES,CONS - CONSOLAS,XA0537:00065:,XA0537,00065,"",7
P001 - COMEDORES,CONS - CONSOLAS,XA0718:00029:,XA0718,00029,"",13
P001 - COMEDORES,CONS - CONSOLAS,XY0786:00001:,XY0786,00001,"",37
P001 - COMEDORES,CONS - CONSOLAS,XZ0103:00002:,XZ0103,00002,"",4
P001 - COMEDORES,CONS - CONSOLAS,XZ0106:00005:,XZ0106,00005,"",4
P001 - COMEDORES,CONS - CONSOLAS,XZ0722:00005:,XZ0722,00005,"",28
P001 - COMEDORES,CONS - CONSOLAS,XZ0846:00026:,XZ0846,00026,"",2
P001 - COMEDORES,CONS - CONSOLAS,XZ0902:00005:,XZ0902,00005,"",3
P001 - COMEDORES,CONS - CONSOLAS,XZ0903:00005:,XZ0903,00005,"",18
P001 - COMEDORES,CONS - CONSOLAS,XZ0927:00136:,XZ0927,00136,"",5
P001 - COMEDORES,CONS - CONSOLAS,XZ0928:00137:,XZ0928,00137,"",3
P001 - COMEDORES,CONS - CONSOLAS,XZ0929:00138:,XZ0929,00138,"",2
P001 - COMEDORES,CONS - CONSOLAS,XZ0930:00139:,XZ0930,00139,"",4
P001 - COMEDORES,CONS - CONSOLAS,XZ0953:00009:,XZ0953,00009,"",2
P001 - COMEDORES,MBAR - MESAS DE BAR,XA0186:00015:,XA0186,00015,"",1
P001 - COMEDORES,MBAR - MESAS DE BAR,XA0383:00005:,XA0383,00005,"",63
P001 - COMEDORES,MBAR - MESAS DE BAR,XC0061:00051:,XC0061,00051,"",23
P001 - COMEDORES,MBAR - MESAS DE BAR,XY0319:00001:,XY0319,00001,"",7
P001 - COMEDORES,MBAR - MESAS DE BAR,XZ0139:00005:,XZ0139,00005,"",34
P001 - COMEDORES,MBAR - MESAS DE BAR,XZ0141:00005:,XZ0141,00005,"",3
P001 - COMEDORES,MBAR - MESAS DE BAR,XZ0386:00046:,XZ0386,00046,"",3
P001 - COMEDORES,MBAR - MESAS DE BAR,XZ0437:00001:,XZ0437,00001,"",5
P001 - COMEDORES,MCO6 - MESAS DE 6P,XA0381:00029:,XA0381,00029,"",2
P001 - COMEDORES,MCO6 - MESAS DE 6P,XA0418:00066:,XA0418,00066,"",11
P001 - COMEDORES,MCO6 - MESAS DE 6P,XA0691:00014:,XA0691,00014,"",19
P001 - COMEDORES,MCO6 - MESAS DE 6P,XA0725:00029:,XA0725,00029,"",11
P001 - COMEDORES,MCO6 - MESAS DE 6P,XR0296:00035:,XR0296,00035,"",2
P001 - COMEDORES,MCO6 - MESAS DE 6P,XR0430:00035:,XR0430,00035,"",3
P001 - COMEDORES,MCO6 - MESAS DE 6P,XR0754:00026:,XR0754,00026,"",1
P001 - COMEDORES,MCO6 - MESAS DE 6P,XY0201:00001:,XY0201,00001,"",4
P001 - COMEDORES,MCO6 - MESAS DE 6P,XY0202:00005:,XY0202,00005,"",2
P001 - COMEDORES,MCO6 - MESAS DE 6P,XY0203:00009:,XY0203,00009,"",2
P001 - COMEDORES,MCO6 - MESAS DE 6P,XY0517:00005:,XY0517,00005,"",3
P001 - COMEDORES,MCO6 - MESAS DE 6P,XY0768:00001:,XY0768,00001,"",4
P001 - COMEDORES,MCO6 - MESAS DE 6P,XY0995:00005:,XY0995,00005,"",6
P001 - COMEDORES,MCO6 - MESAS DE 6P,XZ0567:00005:,XZ0567,00005,"",34
P001 - COMEDORES,MCO6 - MESAS DE 6P,XZ0598:00009:,XZ0598,00009,"",3
P001 - COMEDORES,MCO6 - MESAS DE 6P,XZ0897:00044:,XZ0897,00044,"",40
P001 - COMEDORES,MCOM - MESAS DE 4P,XA0172:00015:,XA0172,00015,"",3
P001 - COMEDORES,MCOM - MESAS DE 4P,XC0062::,XC0062,"","",31
P001 - COMEDORES,MCOM - MESAS DE 4P,XR0516:00024:,XR0516,00024,"",3
P001 - COMEDORES,MCOM - MESAS DE 4P,XR0596:00002:,XR0596,00002,"",6
P001 - COMEDORES,MCOM - MESAS DE 4P,XR0927:00044:,XR0927,00044,"",2
P001 - COMEDORES,MCOM - MESAS DE 4P,XR0946:00004:,XR0946,00004,"",5
P001 - COMEDORES,MCOM - MESAS DE 4P,XR0978:00024:,XR0978,00024,"",3
P001 - COMEDORES,MCOM - MESAS DE 4P,XY0141:00005:,XY0141,00005,"",5
P001 - COMEDORES,MCOM - MESAS DE 4P,XY0160:00042:,XY0160,00042,"",3
P001 - COMEDORES,MCOM - MESAS DE 4P,XY0185:00002:,XY0185,00002,"",24
P001 - COMEDORES,MCOM - MESAS DE 4P,XY0344:00007:,XY0344,00007,"",3
P001 - COMEDORES,MCOM - MESAS DE 4P,XY0933:00007:,XY0933,00007,"",4
P001 - COMEDORES,MCOM - MESAS DE 4P,XY0959:00024:,XY0959,00024,"",4
P001 - COMEDORES,MCOM - MESAS DE 4P,XY0965:00018:,XY0965,00018,"",2
P001 - COMEDORES,MCOM - MESAS DE 4P,XY0979:00005:,XY0979,00005,"",2
P001 - COMEDORES,MCOM - MESAS DE 4P,XY0980:00024:,XY0980,00024,"",5
P001 - COMEDORES,MCOM - MESAS DE 4P,XY0997:00005:,XY0997,00005,"",4
P001 - COMEDORES,MCOM - MESAS DE 4P,XZ0003:00005:,XZ0003,00005,"",3
P001 - COMEDORES,MCOM - MESAS DE 4P,XZ0105:00005:,XZ0105,00005,"",6
P001 - COMEDORES,MCOM - MESAS DE 4P,XZ0149:00005:,XZ0149,00005,"",6
P001 - COMEDORES,MCOM - MESAS DE 4P,XZ0150:00005:,XZ0150,00005,"",9
P001 - COMEDORES,MCOM - MESAS DE 4P,XZ0573:00005:,XZ0573,00005,"",175
P001 - COMEDORES,MCOM - MESAS DE 4P,XZ0575:00001:,XZ0575,00001,"",4
P001 - COMEDORES,MCOM - MESAS DE 4P,XZ0596:00026:,XZ0596,00026,"",3
P001 - COMEDORES,MCOM - MESAS DE 4P,XZ0871:00012:,XZ0871,00012,"",5
P001 - COMEDORES,MCOM - MESAS DE 4P,XZ0872:00035:,XZ0872,00035,"",5
P001 - COMEDORES,MCOM - MESAS DE 4P,XZ0899:00045:,XZ0899,00045,"",45
P001 - COMEDORES,MCOM - MESAS DE 4P,XZ0900:00035:,XZ0900,00035,"",2
P001 - COMEDORES,MCOM - MESAS DE 4P,XZ0940:00044:,XZ0940,00044,"",10
P001 - COMEDORES,MCOM - MESAS DE 4P,YX0093:00009:,YX0093,00009,"",12
P001 - COMEDORES,MEXT - MESAS DE EXTENSION,XA0073:00005:,XA0073,00005,"",5
P001 - COMEDORES,MEXT - MESAS DE EXTENSION,XA0113:00022:,XA0113,00022,"",4
P001 - COMEDORES,MEXT - MESAS DE EXTENSION,XA0540:00026:,XA0540,00026,"",4
P001 - COMEDORES,MEXT - MESAS DE EXTENSION,XA0690:00005:,XA0690,00005,"",41
P001 - COMEDORES,MEXT - MESAS DE EXTENSION,XC0126::,XC0126,"","",3
P001 - COMEDORES,MEXT - MESAS DE EXTENSION,XZ0048:00076:,XZ0048,00076,"",3
P001 - COMEDORES,MEXT - MESAS DE EXTENSION,XZ0231:00005:,XZ0231,00005,"",24
P001 - COMEDORES,MEXT - MESAS DE EXTENSION,XZ0785:00005:,XZ0785,00005,"",10
P001 - COMEDORES,SAUX - SILLAS AUXILIARES,XA0108:00024:,XA0108,00024,"",12
P001 - COMEDORES,SAUX - SILLAS AUXILIARES,XA0726:00005:,XA0726,00005,"",2
P001 - COMEDORES,SAUX - SILLAS AUXILIARES,XC0067:00046:,XC0067,00046,"",1
P001 - COMEDORES,SAUX - SILLAS AUXILIARES,XC0068:00009:,XC0068,00009,"",2
P001 - COMEDORES,SAUX - SILLAS AUXILIARES,XZ0653:00078:,XZ0653,00078,"",24
P001 - COMEDORES,SBAR - SILLAS DE BAR,XA0261:00046:,XA0261,00046,"",22
P001 - COMEDORES,SBAR - SILLAS DE BAR,XA0264:00009:,XA0264,00009,"",1
P001 - COMEDORES,SBAR - SILLAS DE BAR,XA0384:00005:,XA0384,00005,"",202
P001 - COMEDORES,SBAR - SILLAS DE BAR,XY0321:00001:,XY0321,00001,"",10
P001 - COMEDORES,SBAR - SILLAS DE BAR,XY0409:00115:,XY0409,00115,"",2
P001 - COMEDORES,SBAR - SILLAS DE BAR,XZ0368:00046:,XZ0368,00046,"",1
P001 - COMEDORES,SBAR - SILLAS DE BAR,XZ0388:00034:,XZ0388,00034,"",4
P001 - COMEDORES,SET4 - SET 4P,XA0081:00005:,XA0081,00005,"",38
P001 - COMEDORES,SET4 - SET 4P,XA0081-1:00005:,XA0081-1,00005,"",8
P001 - COMEDORES,SET4 - SET 4P,XA0179:00005:,XA0179,00005,"",3
P001 - COMEDORES,SET4 - SET 4P,XA0184:00044:,XA0184,00044,"",2
P001 - COMEDORES,SET4 - SET 4P,XA0237:00005:,XA0237,00005,"",7
P001 - COMEDORES,SET4 - SET 4P,XA0242:00001:,XA0242,00001,"",7
P001 - COMEDORES,SET4 - SET 4P,XA0287:00001:,XA0287,00001,"",2
P001 - COMEDORES,SET4 - SET 4P,XA0288:00001:,XA0288,00001,"",15
P001 - COMEDORES,SET4 - SET 4P,XA0405:00005:,XA0405,00005,"",30
P001 - COMEDORES,SET4 - SET 4P,XA0416-1:00009:,XA0416-1,00009,"",44
P001 - COMEDORES,SET4 - SET 4P,XA0533:00040:,XA0533,00040,"",3
P001 - COMEDORES,SET4 - SET 4P,XA0551:00029:,XA0551,00029,"",2
P001 - COMEDORES,SET4 - SET 4P,XA0553:00013:,XA0553,00013,"",5
P001 - COMEDORES,SET4 - SET 4P,XA0665:00065:,XA0665,00065,"",3
P001 - COMEDORES,SET4 - SET 4P,XA0677:00117:,XA0677,00117,"",20
P001 - COMEDORES,SET4 - SET 4P,XA0678:00183:,XA0678,00183,"",4
P001 - COMEDORES,SET4 - SET 4P,XA0730:00029:,XA0730,00029,"",1
P001 - COMEDORES,SET4 - SET 4P,XC0037:00096:,XC0037,00096,"",33
P001 - COMEDORES,SET4 - SET 4P,XC0045::,XC0045,"","",63
P001 - COMEDORES,SET4 - SET 4P,XC0049::,XC0049,"","",45
P001 - COMEDORES,SET4 - SET 4P,XC0051::,XC0051,"","",35
P001 - COMEDORES,SET4 - SET 4P,XC0119:00011:,XC0119,00011,"",4
P001 - COMEDORES,SET4 - SET 4P,XC0125:00117:,XC0125,00117,"",2
P001 - COMEDORES,SET4 - SET 4P,XC0127::,XC0127,"","",22
P001 - COMEDORES,SET4 - SET 4P,XC0128::,XC0128,"","",38
P001 - COMEDORES,SET4 - SET 4P,XR0339:00002:,XR0339,00002,"",3
P001 - COMEDORES,SET4 - SET 4P,XR0628:00002:,XR0628,00002,"",12
P001 - COMEDORES,SET4 - SET 4P,XR0638:00011:,XR0638,00011,"",6
P001 - COMEDORES,SET4 - SET 4P,XR0639:00002:,XR0639,00002,"",2
P001 - COMEDORES,SET4 - SET 4P,XY0211:00005:,XY0211,00005,"",7
P001 - COMEDORES,SET4 - SET 4P,XY0486:00009:,XY0486,00009,"",16
P001 - COMEDORES,SET4 - SET 4P,XY0850:00026:,XY0850,00026,"",9
P001 - COMEDORES,SET4 - SET 4P,XY0932:00014:,XY0932,00014,"",6
P001 - COMEDORES,SET4 - SET 4P,XY0940:00002:,XY0940,00002,"",3
P001 - COMEDORES,SET4 - SET 4P,XY0964:00005:,XY0964,00005,"",5
P001 - COMEDORES,SET4 - SET 4P,XZ0113:00035:,XZ0113,00035,"",5
P001 - COMEDORES,SET4 - SET 4P,XZ0140:00035:,XZ0140,00035,"",2
P001 - COMEDORES,SET4 - SET 4P,XZ0244:00005:,XZ0244,00005,"",5
P001 - COMEDORES,SET4 - SET 4P,XZ0510:00040:,XZ0510,00040,"",4
P001 - COMEDORES,SET4 - SET 4P,XZ0518:00023:,XZ0518,00023,"",3
P001 - COMEDORES,SET4 - SET 4P,XZ0520:00009:,XZ0520,00009,"",15
P001 - COMEDORES,SET4 - SET 4P,XZ0708:00032:,XZ0708,00032,"",3
P001 - COMEDORES,SET4 - SET 4P,XZ0988:00005:,XZ0988,00005,"",2
P001 - COMEDORES,SET4 - SET 4P,XZ0989:00024:,XZ0989,00024,"",2
P001 - COMEDORES,SET6 - SET 6P,XA0071:00147:,XA0071,00147,"",6
P001 - COMEDORES,SET6 - SET 6P,XA0153:00044:,XA0153,00044,"",6
P001 - COMEDORES,SET6 - SET 6P,XA0236:00005:,XA0236,00005,"",5
P001 - COMEDORES,SET6 - SET 6P,XA0378:00013:,XA0378,00013,"",30
P001 - COMEDORES,SET6 - SET 6P,XA0404:00005:,XA0404,00005,"",11
P001 - COMEDORES,SET6 - SET 6P,XA0519:00001:,XA0519,00001,"",2
P001 - COMEDORES,SET6 - SET 6P,XA0520:00009:,XA0520,00009,"",5
P001 - COMEDORES,SET6 - SET 6P,XA0534:00040:,XA0534,00040,"",16
P001 - COMEDORES,SET6 - SET 6P,XA0548:00005:,XA0548,00005,"",3
P001 - COMEDORES,SET6 - SET 6P,XA0549:00029:,XA0549,00029,"",6
P001 - COMEDORES,SET6 - SET 6P,XA0670-1:00009:,XA0670-1,00009,"",26
P001 - COMEDORES,SET6 - SET 6P,XA0697:00058:,XA0697,00058,"",4
P001 - COMEDORES,SET6 - SET 6P,XA0708:00046:,XA0708,00046,"",2
P001 - COMEDORES,SET6 - SET 6P,XA0720:00029:,XA0720,00029,"",2
P001 - COMEDORES,SET6 - SET 6P,XA0744::,XA0744,"","",40
P001 - COMEDORES,SET6 - SET 6P,XC0038:00096:,XC0038,00096,"",16
P001 - COMEDORES,SET6 - SET 6P,XC0046::,XC0046,"","",48
P001 - COMEDORES,SET6 - SET 6P,XC0050::,XC0050,"","",29
P001 - COMEDORES,SET6 - SET 6P,XR0635:00002:,XR0635,00002,"",3
P001 - COMEDORES,SET6 - SET 6P,XY0195:00120:,XY0195,00120,"",6
P001 - COMEDORES,SET6 - SET 6P,XY0208:00036:,XY0208,00036,"",7
P001 - COMEDORES,SET6 - SET 6P,XY0766:00091:,XY0766,00091,"",4
P001 - COMEDORES,SET6 - SET 6P,XY0846:00004:,XY0846,00004,"",5
P001 - COMEDORES,SET6 - SET 6P,XY0939:00002:,XY0939,00002,"",6
P001 - COMEDORES,SET6 - SET 6P,XY0948:00005:,XY0948,00005,"",6
P001 - COMEDORES,SET6 - SET 6P,XY0949:00002:,XY0949,00002,"",11
P001 - COMEDORES,SET6 - SET 6P,XZ0078-1:00005:,XZ0078-1,00005,"",8
P001 - COMEDORES,SET6 - SET 6P,XZ0207-1:00009:,XZ0207-1,00009,"",9
P001 - COMEDORES,SET6 - SET 6P,XZ0528:00035:,XZ0528,00035,"",4
P001 - COMEDORES,SET6 - SET 6P,XZ0704:00035:,XZ0704,00035,"",5
P001 - COMEDORES,SET6 - SET 6P,XZ0709:00033:,XZ0709,00033,"",6
P001 - COMEDORES,SET6 - SET 6P,XZ0735:00009:,XZ0735,00009,"",3
P001 - COMEDORES,SET6 - SET 6P,XZ0737:00001:,XZ0737,00001,"",7
P001 - COMEDORES,SET6 - SET 6P,XZ0792:00009:,XZ0792,00009,"",6
P001 - COMEDORES,SET6 - SET 6P,XZ0794:00009:,XZ0794,00009,"",12
P001 - COMEDORES,SET6 - SET 6P,XZ0913:00005:,XZ0913,00005,"",5
P001 - COMEDORES,SET6 - SET 6P,XZ0913-1:00005:,XZ0913-1,00005,"",4
P001 - COMEDORES,SET6 - SET 6P,XZ0914:00001:,XZ0914,00001,"",3
P001 - COMEDORES,SET6 - SET 6P,XZ0975:00012:,XZ0975,00012,"",6
P001 - COMEDORES,SET6 - SET 6P,XZ0987:00024:,XZ0987,00024,"",2
P001 - COMEDORES,SILL - SILLAS DE COMEDOR,A01040:00005:,A01040,00005,"",79
P001 - COMEDORES,SILL - SILLAS DE COMEDOR,R00004::,R00004,"","",30
P001 - COMEDORES,SILL - SILLAS DE COMEDOR,XA0001:00018:,XA0001,00018,"",20
P001 - COMEDORES,SILL - SILLAS DE COMEDOR,XA0006:00141:,XA0006,00141,"",5
P001 - COMEDORES,SILL - SILLAS DE COMEDOR,XA0007:00054:,XA0007,00054,"",8
P001 - COMEDORES,SILL - SILLAS DE COMEDOR,XA0011:00142:,XA0011,00142,"",25
P001 - COMEDORES,SILL - SILLAS DE COMEDOR,XA0016:00035:,XA0016,00035,"",8
P001 - COMEDORES,SILL - SILLAS DE COMEDOR,XA0059:00009:,XA0059,00009,"",5
P001 - COMEDORES,SILL - SILLAS DE COMEDOR,XA0063:00029:,XA0063,00029,"",4
P001 - COMEDORES,SILL - SILLAS DE COMEDOR,XA0064:00005:,XA0064,00005,"",8
P001 - COMEDORES,SILL - SILLAS DE COMEDOR,XA0065:00009:,XA0065,00009,"",2
P001 - COMEDORES,SILL - SILLAS DE COMEDOR,XA0067:00118:,XA0067,00118,"",7
P001 - COMEDORES,SILL - SILLAS DE COMEDOR,XA0078:00128:,XA0078,00128,"",30
P001 - COMEDORES,SILL - SILLAS DE COMEDOR,XA0102:00001:,XA0102,00001,"",3
P001 - COMEDORES,SILL - SILLAS DE COMEDOR,XA0104:00108:,XA0104,00108,"",20
P001 - COMEDORES,SILL - SILLAS DE COMEDOR,XA0107:00001:,XA0107,00001,"",9
P001 - COMEDORES,SILL - SILLAS DE COMEDOR,XA0112:00001:,XA0112,00001,"",2
P001 - COMEDORES,SILL - SILLAS DE COMEDOR,XA0159:00009:,XA0159,00009,"",4
P001 - COMEDORES,SILL - SILLAS DE COMEDOR,XA0162:00009:,XA0162,00009,"",14
P001 - COMEDORES,SILL - SILLAS DE COMEDOR,XA0227:00009:,XA0227,00009,"",18
P001 - COMEDORES,SILL - SILLAS DE COMEDOR,XA0252:00009:,XA0252,00009,"",21
P001 - COMEDORES,SILL - SILLAS DE COMEDOR,XA0255:00128:,XA0255,00128,"",6
P001 - COMEDORES,SILL - SILLAS DE COMEDOR,XA0257:00127:,XA0257,00127,"",2
P001 - COMEDORES,SILL - SILLAS DE COMEDOR,XA0268:00049:,XA0268,00049,"",26
P001 - COMEDORES,SILL - SILLAS DE COMEDOR,XA0370:00049:,XA0370,00049,"",29
P001 - COMEDORES,SILL - SILLAS DE COMEDOR,XA0380:00024:,XA0380,00024,"",18
P001 - COMEDORES,SILL - SILLAS DE COMEDOR,XA0382:00029:,XA0382,00029,"",3
P001 - COMEDORES,SILL - SILLAS DE COMEDOR,XA0410:00009:,XA0410,00009,"",5
P001 - COMEDORES,SILL - SILLAS DE COMEDOR,XA0411:00046:,XA0411,00046,"",42
P001 - COMEDORES,SILL - SILLAS DE COMEDOR,XA0703:00038:,XA0703,00038,"",2
P001 - COMEDORES,SILL - SILLAS DE COMEDOR,XA0721:00029:,XA0721,00029,"",3
P001 - COMEDORES,SILL - SILLAS DE COMEDOR,XA0739:00009:,XA0739,00009,"",5
P001 - COMEDORES,SILL - SILLAS DE COMEDOR,XA0743:00011:,XA0743,00011,"",40
P001 - COMEDORES,SILL - SILLAS DE COMEDOR,XA0745:00011:,XA0745,00011,"",6
P001 - COMEDORES,SILL - SILLAS DE COMEDOR,XA0757:00118:,XA0757,00118,"",2
P001 - COMEDORES,SILL - SILLAS DE COMEDOR,XA0799:00046:,XA0799,00046,"",2
P001 - COMEDORES,SILL - SILLAS DE COMEDOR,XC0052::,XC0052,"","",133
P001 - COMEDORES,SILL - SILLAS DE COMEDOR,XC0053::,XC0053,"","",44
P001 - COMEDORES,SILL - SILLAS DE COMEDOR,XC0054:00049:,XC0054,00049,"",59
P001 - COMEDORES,SILL - SILLAS DE COMEDOR,XC0055:00036:,XC0055,00036,"",38
P001 - COMEDORES,SILL - SILLAS DE COMEDOR,XR0319:00002:,XR0319,00002,"",46
P001 - COMEDORES,SILL - SILLAS DE COMEDOR,XR0525:00009:,XR0525,00009,"",6
P001 - COMEDORES,SILL - SILLAS DE COMEDOR,XR0629:00011:,XR0629,00011,"",4
P001 - COMEDORES,SILL - SILLAS DE COMEDOR,XR0682:00036:,XR0682,00036,"",8
P001 - COMEDORES,SILL - SILLAS DE COMEDOR,XR0845:00020:,XR0845,00020,"",7
P001 - COMEDORES,SILL - SILLAS DE COMEDOR,XR0846:00024:,XR0846,00024,"",2
P001 - COMEDORES,SILL - SILLAS DE COMEDOR,XR0860:00005:,XR0860,00005,"",27
P001 - COMEDORES,SILL - SILLAS DE COMEDOR,XR0913:00024:,XR0913,00024,"",6
P001 - COMEDORES,SILL - SILLAS DE COMEDOR,XR0924:00024:,XR0924,00024,"",6
P001 - COMEDORES,SILL - SILLAS DE COMEDOR,XR0930:00001:,XR0930,00001,"",15
P001 - COMEDORES,SILL - SILLAS DE COMEDOR,XR0932:00001:,XR0932,00001,"",18
P001 - COMEDORES,SILL - SILLAS DE COMEDOR,XR0988:00036:,XR0988,00036,"",4
P001 - COMEDORES,SILL - SILLAS DE COMEDOR,XY0036:00005:,XY0036,00005,"",4
P001 - COMEDORES,SILL - SILLAS DE COMEDOR,XY0040:00001:,XY0040,00001,"",16
P001 - COMEDORES,SILL - SILLAS DE COMEDOR,XY0080:00002:,XY0080,00002,"",24
P001 - COMEDORES,SILL - SILLAS DE COMEDOR,XY0082:00002:,XY0082,00002,"",26
P001 - COMEDORES,SILL - SILLAS DE COMEDOR,XY0083:00036:,XY0083,00036,"",4
P001 - COMEDORES,SILL - SILLAS DE COMEDOR,XY0102:00005:,XY0102,00005,"",2
P001 - COMEDORES,SILL - SILLAS DE COMEDOR,XY0104:00001:,XY0104,00001,"",12
P001 - COMEDORES,SILL - SILLAS DE COMEDOR,XY0104:00009:,XY0104,00009,"",3
P001 - COMEDORES,SILL - SILLAS DE COMEDOR,XY0106:00009:,XY0106,00009,"",8
P001 - COMEDORES,SILL - SILLAS DE COMEDOR,XY0107:00018:,XY0107,00018,"",4
P001 - COMEDORES,SILL - SILLAS DE COMEDOR,XY0109:00037:,XY0109,00037,"",6
P001 - COMEDORES,SILL - SILLAS DE COMEDOR,XY0110:00001:,XY0110,00001,"",4
P001 - COMEDORES,SILL - SILLAS DE COMEDOR,XY0112:00020:,XY0112,00020,"",6
P001 - COMEDORES,SILL - SILLAS DE COMEDOR,XY0143:00009:,XY0143,00009,"",40
P001 - COMEDORES,SILL - SILLAS DE COMEDOR,XY0150:00005:,XY0150,00005,"",17
P001 - COMEDORES,SILL - SILLAS DE COMEDOR,XY0151:00009:,XY0151,00009,"",12
P001 - COMEDORES,SILL - SILLAS DE COMEDOR,XY0152:00036:,XY0152,00036,"",14
P001 - COMEDORES,SILL - SILLAS DE COMEDOR,XY0153:00001:,XY0153,00001,"",10
P001 - COMEDORES,SILL - SILLAS DE COMEDOR,XY0154:00005:,XY0154,00005,"",13
P001 - COMEDORES,SILL - SILLAS DE COMEDOR,XY0157:00001:,XY0157,00001,"",14
P001 - COMEDORES,SILL - SILLAS DE COMEDOR,XY0158:00001:,XY0158,00001,"",13
P001 - COMEDORES,SILL - SILLAS DE COMEDOR,XY0249:00009:,XY0249,00009,"",2
P001 - COMEDORES,SILL - SILLAS DE COMEDOR,XY0251:00001:,XY0251,00001,"",7
P001 - COMEDORES,SILL - SILLAS DE COMEDOR,XY0256:00005:,XY0256,00005,"",2
P001 - COMEDORES,SILL - SILLAS DE COMEDOR,XY0257:00001:,XY0257,00001,"",45
P001 - COMEDORES,SILL - SILLAS DE COMEDOR,XY0258:00009:,XY0258,00009,"",4
P001 - COMEDORES,SILL - SILLAS DE COMEDOR,XY0322:00001:,XY0322,00001,"",9
P001 - COMEDORES,SILL - SILLAS DE COMEDOR,XY0324:00052:,XY0324,00052,"",5
P001 - COMEDORES,SILL - SILLAS DE COMEDOR,XY0343:00001:,XY0343,00001,"",16
P001 - COMEDORES,SILL - SILLAS DE COMEDOR,XY0431:00005:,XY0431,00005,"",4
P001 - COMEDORES,SILL - SILLAS DE COMEDOR,XY0434:00024:,XY0434,00024,"",20
P001 - COMEDORES,SILL - SILLAS DE COMEDOR,XY0435:00005:,XY0435,00005,"",2
P001 - COMEDORES,SILL - SILLAS DE COMEDOR,XY0438:00005:,XY0438,00005,"",8
P001 - COMEDORES,SILL - SILLAS DE COMEDOR,XY0439:00009:,XY0439,00009,"",12
P001 - COMEDORES,SILL - SILLAS DE COMEDOR,XY0440:00001:,XY0440,00001,"",6
P001 - COMEDORES,SILL - SILLAS DE COMEDOR,XY0459:00005:,XY0459,00005,"",4
P001 - COMEDORES,SILL - SILLAS DE COMEDOR,XY0460:00029:,XY0460,00029,"",2
P001 - COMEDORES,SILL - SILLAS DE COMEDOR,XY0462:00049:,XY0462,00049,"",4
P001 - COMEDORES,SILL - SILLAS DE COMEDOR,XY0475:00001:,XY0475,00001,"",6
P001 - COMEDORES,SILL - SILLAS DE COMEDOR,XY0487:00012:,XY0487,00012,"",6
P001 - COMEDORES,SILL - SILLAS DE COMEDOR,XY0498:00001:,XY0498,00001,"",4
P001 - COMEDORES,SILL - SILLAS DE COMEDOR,XY0510:00050:,XY0510,00050,"",4
P001 - COMEDORES,SILL - SILLAS DE COMEDOR,XY0761:00090:,XY0761,00090,"",8
P001 - COMEDORES,SILL - SILLAS DE COMEDOR,XY0769:00001:,XY0769,00001,"",11
P001 - COMEDORES,SILL - SILLAS DE COMEDOR,XY0779:00001:,XY0779,00001,"",33
P001 - COMEDORES,SILL - SILLAS DE COMEDOR,XY0780:00009:,XY0780,00009,"",16
P001 - COMEDORES,SILL - SILLAS DE COMEDOR,XY0805:00005:,XY0805,00005,"",18
P001 - COMEDORES,SILL - SILLAS DE COMEDOR,XY0811:00005:,XY0811,00005,"",10
P001 - COMEDORES,SILL - SILLAS DE COMEDOR,XY0812:00001:,XY0812,00001,"",2
P001 - COMEDORES,SILL - SILLAS DE COMEDOR,XY0837:00005:,XY0837,00005,"",1
P001 - COMEDORES,SILL - SILLAS DE COMEDOR,XY0838:00005:,XY0838,00005,"",4
P001 - COMEDORES,SILL - SILLAS DE COMEDOR,XY0842:00005:,XY0842,00005,"",11
P001 - COMEDORES,SILL - SILLAS DE COMEDOR,XY0843:00009:,XY0843,00009,"",4
P001 - COMEDORES,SILL - SILLAS DE COMEDOR,XY0844:00001:,XY0844,00001,"",8
P001 - COMEDORES,SILL - SILLAS DE COMEDOR,XY0894:00009:,XY0894,00009,"",10
P001 - COMEDORES,SILL - SILLAS DE COMEDOR,XY0903:00009:,XY0903,00009,"",39
P001 - COMEDORES,SILL - SILLAS DE COMEDOR,XY0907:00005:,XY0907,00005,"",3
P001 - COMEDORES,SILL - SILLAS DE COMEDOR,XY0908:00009:,XY0908,00009,"",8
P001 - COMEDORES,SILL - SILLAS DE COMEDOR,XY0909:00001:,XY0909,00001,"",3
P001 - COMEDORES,SILL - SILLAS DE COMEDOR,XY0910:00005:,XY0910,00005,"",16
P001 - COMEDORES,SILL - SILLAS DE COMEDOR,XY0931:00005:,XY0931,00005,"",2
P001 - COMEDORES,SILL - SILLAS DE COMEDOR,XY0970:00005:,XY0970,00005,"",24
P001 - COMEDORES,SILL - SILLAS DE COMEDOR,XY0971:00001:,XY0971,00001,"",5
P001 - COMEDORES,SILL - SILLAS DE COMEDOR,XZ0001:00036:,XZ0001,00036,"",60
P001 - COMEDORES,SILL - SILLAS DE COMEDOR,XZ0006:00001:,XZ0006,00001,"",8
P001 - COMEDORES,SILL - SILLAS DE COMEDOR,XZ0018:00009:,XZ0018,00009,"",2
P001 - COMEDORES,SILL - SILLAS DE COMEDOR,XZ0020:00009:,XZ0020,00009,"",2
P001 - COMEDORES,SILL - SILLAS DE COMEDOR,XZ0021:00005:,XZ0021,00005,"",4
P001 - COMEDORES,SILL - SILLAS DE COMEDOR,XZ0050:00005:,XZ0050,00005,"",1
P001 - COMEDORES,SILL - SILLAS DE COMEDOR,XZ0052:00001:,XZ0052,00001,"",2
P001 - COMEDORES,SILL - SILLAS DE COMEDOR,XZ0056:00005:,XZ0056,00005,"",4
P001 - COMEDORES,SILL - SILLAS DE COMEDOR,XZ0057:00009:,XZ0057,00009,"",26
P001 - COMEDORES,SILL - SILLAS DE COMEDOR,XZ0071:00009:,XZ0071,00009,"",21
P001 - COMEDORES,SILL - SILLAS DE COMEDOR,XZ0072:00009:,XZ0072,00009,"",34
P001 - COMEDORES,SILL - SILLAS DE COMEDOR,XZ0095:00009:,XZ0095,00009,"",44
P001 - COMEDORES,SILL - SILLAS DE COMEDOR,XZ0218:00009:,XZ0218,00009,"",23
P001 - COMEDORES,SILL - SILLAS DE COMEDOR,XZ0233:00005:,XZ0233,00005,"",16
P001 - COMEDORES,SILL - SILLAS DE COMEDOR,XZ0234:00009:,XZ0234,00009,"",23
P001 - COMEDORES,SILL - SILLAS DE COMEDOR,XZ0236:00036:,XZ0236,00036,"",15
P001 - COMEDORES,SILL - SILLAS DE COMEDOR,XZ0237:00005:,XZ0237,00005,"",4
P001 - COMEDORES,SILL - SILLAS DE COMEDOR,XZ0238:00009:,XZ0238,00009,"",28
P001 - COMEDORES,SILL - SILLAS DE COMEDOR,XZ0239:00001:,XZ0239,00001,"",4
P001 - COMEDORES,SILL - SILLAS DE COMEDOR,XZ0240:00029:,XZ0240,00029,"",7
P001 - COMEDORES,SILL - SILLAS DE COMEDOR,XZ0248:00009:,XZ0248,00009,"",3
P001 - COMEDORES,SILL - SILLAS DE COMEDOR,XZ0249:00001:,XZ0249,00001,"",33
P001 - COMEDORES,SILL - SILLAS DE COMEDOR,XZ0252:00001:,XZ0252,00001,"",98
P001 - COMEDORES,SILL - SILLAS DE COMEDOR,XZ0334:00009:,XZ0334,00009,"",29
P001 - COMEDORES,SILL - SILLAS DE COMEDOR,XZ0335:00009:,XZ0335,00009,"",3
P001 - COMEDORES,SILL - SILLAS DE COMEDOR,XZ0336:00046:,XZ0336,00046,"",16
P001 - COMEDORES,SILL - SILLAS DE COMEDOR,XZ0363:00029:,XZ0363,00029,"",8
P001 - COMEDORES,SILL - SILLAS DE COMEDOR,XZ0364:00029:,XZ0364,00029,"",3
P001 - COMEDORES,SILL - SILLAS DE COMEDOR,XZ0451:00009:,XZ0451,00009,"",4
P001 - COMEDORES,SILL - SILLAS DE COMEDOR,XZ0454:00009:,XZ0454,00009,"",4
P001 - COMEDORES,SILL - SILLAS DE COMEDOR,XZ0457:00009:,XZ0457,00009,"",20
P001 - COMEDORES,SILL - SILLAS DE COMEDOR,XZ0458:00001:,XZ0458,00001,"",6
P001 - COMEDORES,SILL - SILLAS DE COMEDOR,XZ0475:00005:,XZ0475,00005,"",4
P001 - COMEDORES,SILL - SILLAS DE COMEDOR,XZ0477:00009:,XZ0477,00009,"",16
P001 - COMEDORES,SILL - SILLAS DE COMEDOR,XZ0478:00005:,XZ0478,00005,"",26
P001 - COMEDORES,SILL - SILLAS DE COMEDOR,XZ0479:00001:,XZ0479,00001,"",17
P001 - COMEDORES,SILL - SILLAS DE COMEDOR,XZ0480:00009:,XZ0480,00009,"",34
P001 - COMEDORES,SILL - SILLAS DE COMEDOR,XZ0496:00009:,XZ0496,00009,"",19
P001 - COMEDORES,SILL - SILLAS DE COMEDOR,XZ0505:00009:,XZ0505,00009,"",197
P001 - COMEDORES,SILL - SILLAS DE COMEDOR,XZ0506:00001:,XZ0506,00001,"",2
P001 - COMEDORES,SILL - SILLAS DE COMEDOR,XZ0533:00001:,XZ0533,00001,"",50
P001 - COMEDORES,SILL - SILLAS DE COMEDOR,XZ0540:00009:,XZ0540,00009,"",8
P001 - COMEDORES,SILL - SILLAS DE COMEDOR,XZ0552:00038:,XZ0552,00038,"",14
P001 - COMEDORES,SILL - SILLAS DE COMEDOR,XZ0572:00001:,XZ0572,00001,"",6
P001 - COMEDORES,SILL - SILLAS DE COMEDOR,XZ0578:00043:,XZ0578,00043,"",30
P001 - COMEDORES,SILL - SILLAS DE COMEDOR,XZ0580:00083:,XZ0580,00083,"",17
P001 - COMEDORES,SILL - SILLAS DE COMEDOR,XZ0581:00084:,XZ0581,00084,"",9
P001 - COMEDORES,SILL - SILLAS DE COMEDOR,XZ0584:00005:,XZ0584,00005,"",4
P001 - COMEDORES,SILL - SILLAS DE COMEDOR,XZ0585:00009:,XZ0585,00009,"",8
P001 - COMEDORES,SILL - SILLAS DE COMEDOR,XZ0600:00009:,XZ0600,00009,"",37
P001 - COMEDORES,SILL - SILLAS DE COMEDOR,XZ0651:00078:,XZ0651,00078,"",9
P001 - COMEDORES,SILL - SILLAS DE COMEDOR,XZ0652:00029:,XZ0652,00029,"",19
P001 - COMEDORES,SILL - SILLAS DE COMEDOR,XZ0654:00005:,XZ0654,00005,"",2
P001 - COMEDORES,SILL - SILLAS DE COMEDOR,XZ0655:00023:,XZ0655,00023,"",35
P001 - COMEDORES,SILL - SILLAS DE COMEDOR,XZ0659:00078:,XZ0659,00078,"",9
P001 - COMEDORES,SILL - SILLAS DE COMEDOR,XZ0713:00005:,XZ0713,00005,"",6
P001 - COMEDORES,SILL - SILLAS DE COMEDOR,XZ0714:00009:,XZ0714,00009,"",57
P001 - COMEDORES,SILL - SILLAS DE COMEDOR,XZ0728:00009:,XZ0728,00009,"",16
P001 - COMEDORES,SILL - SILLAS DE COMEDOR,XZ0729:00001:,XZ0729,00001,"",25
P001 - COMEDORES,SILL - SILLAS DE COMEDOR,XZ0730:00035:,XZ0730,00035,"",2
P001 - COMEDORES,SILL - SILLAS DE COMEDOR,XZ0731:00043:,XZ0731,00043,"",23
P001 - COMEDORES,SILL - SILLAS DE COMEDOR,XZ0733:00009:,XZ0733,00009,"",53
P001 - COMEDORES,SILL - SILLAS DE COMEDOR,XZ0734:00001:,XZ0734,00001,"",40
P001 - COMEDORES,SILL - SILLAS DE COMEDOR,XZ0786:00005:,XZ0786,00005,"",20
P001 - COMEDORES,SILL - SILLAS DE COMEDOR,XZ0787:00005:,XZ0787,00005,"",16
P001 - COMEDORES,SILL - SILLAS DE COMEDOR,XZ0820:00005:,XZ0820,00005,"",6
P001 - COMEDORES,SILL - SILLAS DE COMEDOR,XZ0821:00009:,XZ0821,00009,"",16
P001 - COMEDORES,SILL - SILLAS DE COMEDOR,XZ0842:00019:,XZ0842,00019,"",3
P001 - COMEDORES,SILL - SILLAS DE COMEDOR,XZ0848:00009:,XZ0848,00009,"",239
P001 - COMEDORES,SILL - SILLAS DE COMEDOR,XZ0849:00024:,XZ0849,00024,"",58
P001 - COMEDORES,SILL - SILLAS DE COMEDOR,XZ0851 (NO USAR):00005:,XZ0851 (NO USAR),00005,"",3
P001 - COMEDORES,SILL - SILLAS DE COMEDOR,XZ0852:00009:,XZ0852,00009,"",11
P001 - COMEDORES,SILL - SILLAS DE COMEDOR,XZ0921:00029:,XZ0921,00029,"",2
P001 - COMEDORES,SILL - SILLAS DE COMEDOR,XZ0983:00082:,XZ0983,00082,"",4
P001 - COMEDORES,SILL - SILLAS DE COMEDOR,XZ0998:00043:,XZ0998,00043,"",6
P001 - COMEDORES,SILL - SILLAS DE COMEDOR,YR0045:00005:,YR0045,00005,"",12
P001 - COMEDORES,SILL - SILLAS DE COMEDOR,YR0046:00009:,YR0046,00009,"",6
P001 - COMEDORES,SILL - SILLAS DE COMEDOR,YR0047:00036:,YR0047,00036,"",9
P001 - COMEDORES,SILL - SILLAS DE COMEDOR,YX0105:00005:,YX0105,00005,"",8
P002 - ALCOBAS,ARMA - ARMARIO,XA0348:00159:,XA0348,00159,"",30
P002 - ALCOBAS,ARMA - ARMARIO,XA0350:00159:,XA0350,00159,"",3
P002 - ALCOBAS,ARMA - ARMARIO,XA0351:00160:,XA0351,00160,"",7
P002 - ALCOBAS,ARMA - ARMARIO,XA0353:00160:,XA0353,00160,"",15
P002 - ALCOBAS,ARMA - ARMARIO,XN0837:00046:,XN0837,00046,"",55
P002 - ALCOBAS,ARMA - ARMARIO,XN0838:00005:,XN0838,00005,"",2
P002 - ALCOBAS,ARMA - ARMARIO,XR0377:00002:,XR0377,00002,"",5
P002 - ALCOBAS,ARMA - ARMARIO,XR0535:00004:,XR0535,00004,"",4
P002 - ALCOBAS,ARMA - ARMARIO,XR0536:00002:,XR0536,00002,"",2
P002 - ALCOBAS,ARMA - ARMARIO,XY0454:00001:,XY0454,00001,"",3
P002 - ALCOBAS,ARMA - ARMARIO,XZ0270:00003:,XZ0270,00003,"",5
P002 - ALCOBAS,ARMA - ARMARIO,XZ0271:00002:,XZ0271,00002,"",35
P002 - ALCOBAS,ARMA - ARMARIO,XZ0281:00002:,XZ0281,00002,"",13
P002 - ALCOBAS,ARMA - ARMARIO,XZ0678:00004:,XZ0678,00004,"",20
P002 - ALCOBAS,ARMA - ARMARIO,XZ0680:00004:,XZ0680,00004,"",18
P002 - ALCOBAS,ARMA - ARMARIO,XZ0683:00003:,XZ0683,00003,"",3
P002 - ALCOBAS,BCAM - BASE CAMA DOBLE,D00002:00002:,D00002,00002,"",18
P002 - ALCOBAS,BCAM - BASE CAMA DOBLE,G00044::,G00044,"","",21
P002 - ALCOBAS,BIBL - BIBLIOTECAS,XZ0182:00010:,XZ0182,00010,"",28
P002 - ALCOBAS,BIBL - BIBLIOTECAS,XZ0183:00046:,XZ0183,00046,"",68
P002 - ALCOBAS,BIBL - BIBLIOTECAS,XZ0184:00010:,XZ0184,00010,"",14
P002 - ALCOBAS,BIBL - BIBLIOTECAS,XZ0185:00046:,XZ0185,00046,"",62
P002 - ALCOBAS,BIBL - BIBLIOTECAS,XZ0188:00010:,XZ0188,00010,"",3
P002 - ALCOBAS,BIBL - BIBLIOTECAS,XZ0189:00046:,XZ0189,00046,"",10
P002 - ALCOBAS,BIBL - BIBLIOTECAS,XZ0603:00002:,XZ0603,00002,"",13
P002 - ALCOBAS,BIBL - BIBLIOTECAS,XZ0604:00003:,XZ0604,00003,"",16
P002 - ALCOBAS,BIBL - BIBLIOTECAS,XZ0605:00004:,XZ0605,00004,"",34
P002 - ALCOBAS,BIBL - BIBLIOTECAS,XZ0613:00003:,XZ0613,00003,"",3
P002 - ALCOBAS,BIBL - BIBLIOTECAS,XZ0615:00003:,XZ0615,00003,"",7
P002 - ALCOBAS,BIBL - BIBLIOTECAS,XZ0616:00002:,XZ0616,00002,"",14
P002 - ALCOBAS,BIBL - BIBLIOTECAS,XZ0621:00047:,XZ0621,00047,"",34
P002 - ALCOBAS,BIBL - BIBLIOTECAS,XZ0622:00047:,XZ0622,00047,"",23
P002 - ALCOBAS,BIBL - BIBLIOTECAS,XZ0623:00002:,XZ0623,00002,"",13
P002 - ALCOBAS,BIBL - BIBLIOTECAS,XZ0682:00004:,XZ0682,00004,"",15
P002 - ALCOBAS,BIBL - BIBLIOTECAS,XZ0684:00004:,XZ0684,00004,"",18
P002 - ALCOBAS,BIBL - BIBLIOTECAS,XZ0692:00072:,XZ0692,00072,"",18
P002 - ALCOBAS,BIBL - BIBLIOTECAS,XZ0860:00026:,XZ0860,00026,"",3
P002 - ALCOBAS,BIBL - BIBLIOTECAS,XZ0861:00026:,XZ0861,00026,"",10
P002 - ALCOBAS,BIBL - BIBLIOTECAS,XZ0886:00015:,XZ0886,00015,"",7
P002 - ALCOBAS,BUTA - BUTACO,XA0376:00123:,XA0376,00123,"",6
P002 - ALCOBAS,BUTA - BUTACO,XZ0186:00010:,XZ0186,00010,"",93
P002 - ALCOBAS,BUTA - BUTACO,XZ0187:00046:,XZ0187,00046,"",122
P002 - ALCOBAS,BUTA - BUTACO,XZ0190:00010:,XZ0190,00010,"",95
P002 - ALCOBAS,BUTA - BUTACO,XZ0191:00046:,XZ0191,00046,"",127
P002 - ALCOBAS,CABT - TAPIZADOS,D00028:00068:00068,D00028,00068,00068,1
P002 - ALCOBAS,CABT - TAPIZADOS,D00028:00103:00103,D00028,00103,00103,2
P002 - ALCOBAS,CABT - TAPIZADOS,D00101:00008:00008,D00101,00008,00008,5
P002 - ALCOBAS,CABT - TAPIZADOS,D00101:00130:00130,D00101,00130,00130,4
P002 - ALCOBAS,CAMA - CAMA,D00042:00157:,D00042,00157,"",1
P002 - ALCOBAS,CAMA - CAMA,D00055:00157:,D00055,00157,"",4
P002 - ALCOBAS,CAMA - CAMA,XA0575:00186:,XA0575,00186,"",12
P002 - ALCOBAS,CAMA - CAMA,XA0578:00187:,XA0578,00187,"",7
P002 - ALCOBAS,CAMA - CAMA,XR0237:00011:,XR0237,00011,"",14
P002 - ALCOBAS,CAMA - CAMA,XR0384:00004:,XR0384,00004,"",9
P002 - ALCOBAS,CAMA - CAMA,XR0390:00002:,XR0390,00002,"",13
P002 - ALCOBAS,CAMA - CAMA,XR0420:00002:,XR0420,00002,"",4
P002 - ALCOBAS,CAMA - CAMA,XR0656:00002:,XR0656,00002,"",2
P002 - ALCOBAS,CAMA - CAMA,XR0673:00011:,XR0673,00011,"",33
P002 - ALCOBAS,CAMA - CAMA,XR0675:00004:,XR0675,00004,"",6
P002 - ALCOBAS,CAMA - CAMA,XR0934:00004:,XR0934,00004,"",2
P002 - ALCOBAS,CAMA - CAMA,XY0017:00002:,XY0017,00002,"",3
P002 - ALCOBAS,CAMA - CAMA,XY0018:00004:,XY0018,00004,"",10
P002 - ALCOBAS,CAMA - CAMA,XY0025:00002:,XY0025,00002,"",5
P002 - ALCOBAS,CAMA - CAMA,XY0026:00004:,XY0026,00004,"",22
P002 - ALCOBAS,CAMA - CAMA,XY0168:00002:,XY0168,00002,"",2
P002 - ALCOBAS,CAMA - CAMA,XY0171:00004:,XY0171,00004,"",6
P002 - ALCOBAS,CAMA - CAMA,XY0676:00009:,XY0676,00009,"",6
P002 - ALCOBAS,CAMA - CAMA,XY0691:00009:,XY0691,00009,"",3
P002 - ALCOBAS,CAMA - CAMA,XY0693:00009:,XY0693,00009,"",3
P002 - ALCOBAS,CAMA - CAMA,XY0880:00002:,XY0880,00002,"",16
P002 - ALCOBAS,CAMA - CAMA,XY0881:00004:,XY0881,00004,"",26
P002 - ALCOBAS,CAMA - CAMA,XY0884:00002:,XY0884,00002,"",28
P002 - ALCOBAS,CAMA - CAMA,XY0885:00004:,XY0885,00004,"",29
P002 - ALCOBAS,CAMA - CAMA,XZ0124:00101:,XZ0124,00101,"",25
P002 - ALCOBAS,CAMA - CAMA,XZ0166:00010:,XZ0166,00010,"",17
P002 - ALCOBAS,CAMA - CAMA,XZ0167:00046:,XZ0167,00046,"",40
P002 - ALCOBAS,CAMA - CAMA,XZ0168:00010:,XZ0168,00010,"",25
P002 - ALCOBAS,CAMA - CAMA,XZ0169:00046:,XZ0169,00046,"",79
P002 - ALCOBAS,CAMA - CAMA,YR0073:00009:,YR0073,00009,"",3
P002 - ALCOBAS,CAMD - CAMA DOBLE,XC0076::,XC0076,"","",10
P002 - ALCOBAS,CAMS - CAMA SENCILLA,BR0017:00001:,BR0017,00001,"",8
P002 - ALCOBAS,CAMT - CAMAROTES,BR0016:00001:,BR0016,00001,"",33
P002 - ALCOBAS,CAMT - CAMAROTES,D00666:00015:,D00666,00015,"",2
P002 - ALCOBAS,CAMT - CAMAROTES,XC0079::,XC0079,"","",8
P002 - ALCOBAS,ESCR - ESCRITORIOS,G00039:00030:,G00039,00030,"",41
P002 - ALCOBAS,ESCR - ESCRITORIOS,G00040:00030:,G00040,00030,"",70
P002 - ALCOBAS,ESCR - ESCRITORIOS,G00041:00007:,G00041,00007,"",4
P002 - ALCOBAS,ESCR - ESCRITORIOS,G00046:00030:,G00046,00030,"",40
P002 - ALCOBAS,ESCR - ESCRITORIOS,XR0911:00002:,XR0911,00002,"",8
P002 - ALCOBAS,ESCR - ESCRITORIOS,XY0136:00045:,XY0136,00045,"",13
P002 - ALCOBAS,ESCR - ESCRITORIOS,XZ0307:00005:,XZ0307,00005,"",2
P002 - ALCOBAS,ESCR - ESCRITORIOS,XZ0789:00005:,XZ0789,00005,"",7
P002 - ALCOBAS,MNOC - MESAS DE NOCHE,BR0036::,BR0036,"","",22
P002 - ALCOBAS,MNOC - MESAS DE NOCHE,BR0043::,BR0043,"","",16
P002 - ALCOBAS,MNOC - MESAS DE NOCHE,D00014:00437:00437,D00014,00437,00437,2
P002 - ALCOBAS,MNOC - MESAS DE NOCHE,D00044:00157:,D00044,00157,"",1
P002 - ALCOBAS,MNOC - MESAS DE NOCHE,XA0580:00187:,XA0580,00187,"",5
P002 - ALCOBAS,MNOC - MESAS DE NOCHE,XC0077::,XC0077,"","",41
P002 - ALCOBAS,MNOC - MESAS DE NOCHE,XY0717:00009:,XY0717,00009,"",10
P002 - ALCOBAS,MNOC - MESAS DE NOCHE,XY0720:00001:,XY0720,00001,"",21
P002 - ALCOBAS,MNOC - MESAS DE NOCHE,XZ0126:00046:,XZ0126,00046,"",2
P002 - ALCOBAS,MNOC - MESAS DE NOCHE,XZ0619:00002:,XZ0619,00002,"",67
P002 - ALCOBAS,MNOC - MESAS DE NOCHE,XZ0620:00047:,XZ0620,00047,"",3
P002 - ALCOBAS,REPI - REPISAS,XZ0878:00026:,XZ0878,00026,"",4
P002 - ALCOBAS,REPI - REPISAS,XZ0880:00026:,XZ0880,00026,"",21
P002 - ALCOBAS,SIOF - SILLA OFICINA,K00064::,K00064,"","",2
P002 - ALCOBAS,SIOF - SILLA OFICINA,XZ0739:00040:,XZ0739,00040,"",2
P002 - ALCOBAS,SIOF - SILLA OFICINA,XZ0743:00070:,XZ0743,00070,"",3
P002 - ALCOBAS,SIOF - SILLA OFICINA,XZ0745:00070:,XZ0745,00070,"",3
P002 - ALCOBAS,TOCA - TOCADOR,XY0021:00002:,XY0021,00002,"",10
P002 - ALCOBAS,TOCA - TOCADOR,XY0173:00004:,XY0173,00004,"",32
P002 - ALCOBAS,TOCA - TOCADOR,XY0888:00002:,XY0888,00002,"",4
P003 - SALAS Y SOFAS,BIFT - BIFFET,BR0038::,BR0038,"","",12
P003 - SALAS Y SOFAS,BIFT - BIFFET,BR0042::,BR0042,"","",24
P003 - SALAS Y SOFAS,BIFT - BIFFET,BR0045::,BR0045,"","",21
P003 - SALAS Y SOFAS,BIFT - BIFFET,XA0699:00183:,XA0699,00183,"",2
P003 - SALAS Y SOFAS,CNTR - CENTROS DE ENTRETENIMIENTO,BR0001:00193:,BR0001,00193,"",40
P003 - SALAS Y SOFAS,CNTR - CENTROS DE ENTRETENIMIENTO,BR0019:00160:,BR0019,00160,"",11
P003 - SALAS Y SOFAS,CNTR - CENTROS DE ENTRETENIMIENTO,D00135:00034:,D00135,00034,"",1
P003 - SALAS Y SOFAS,CNTR - CENTROS DE ENTRETENIMIENTO,XA0667:00189:,XA0667,00189,"",37
P003 - SALAS Y SOFAS,CNTR - CENTROS DE ENTRETENIMIENTO,XA0668:00189:,XA0668,00189,"",38
P003 - SALAS Y SOFAS,COJN - COJINES,XY0180:00001:,XY0180,00001,"",10
P003 - SALAS Y SOFAS,COJN - COJINES,Z00198::,Z00198,"","",5
P003 - SALAS Y SOFAS,COMO - COMODAS,D00202:00015:,D00202,00015,"",3
P003 - SALAS Y SOFAS,COMO - COMODAS,XZ0607:00047:,XZ0607,00047,"",14
P003 - SALAS Y SOFAS,ESCR - ESCRITORIOS,XY0137:00045:,XY0137,00045,"",3
P003 - SALAS Y SOFAS,MAUX - MESAS AUXILIARES,XA0089:00149:,XA0089,00149,"",10
P003 - SALAS Y SOFAS,MAUX - MESAS AUXILIARES,XA0165:00139:,XA0165,00139,"",9
P003 - SALAS Y SOFAS,MAUX - MESAS AUXILIARES,XA0174:00026:,XA0174,00026,"",4
P003 - SALAS Y SOFAS,MAUX - MESAS AUXILIARES,XA0372:00100:,XA0372,00100,"",3
P003 - SALAS Y SOFAS,MAUX - MESAS AUXILIARES,XA0536:00065:,XA0536,00065,"",2
P003 - SALAS Y SOFAS,MAUX - MESAS AUXILIARES,XA0582:00005:,XA0582,00005,"",4
P003 - SALAS Y SOFAS,MAUX - MESAS AUXILIARES,XA0700:00012:,XA0700,00012,"",3
P003 - SALAS Y SOFAS,MAUX - MESAS AUXILIARES,XA0706:00005:,XA0706,00005,"",3
P003 - SALAS Y SOFAS,MAUX - MESAS AUXILIARES,XA0728:00036:,XA0728,00036,"",2
P003 - SALAS Y SOFAS,MAUX - MESAS AUXILIARES,XC0047::,XC0047,"","",20
P003 - SALAS Y SOFAS,MAUX - MESAS AUXILIARES,XC0059:00046:,XC0059,00046,"",1
P003 - SALAS Y SOFAS,MAUX - MESAS AUXILIARES,XC0113::,XC0113,"","",2
P003 - SALAS Y SOFAS,MAUX - MESAS AUXILIARES,XR0758:00011:,XR0758,00011,"",15
P003 - SALAS Y SOFAS,MAUX - MESAS AUXILIARES,XY0086:00005:,XY0086,00005,"",4
P003 - SALAS Y SOFAS,MAUX - MESAS AUXILIARES,XY0097:00001:,XY0097,00001,"",2
P003 - SALAS Y SOFAS,MAUX - MESAS AUXILIARES,XY0159:00016:,XY0159,00016,"",4
P003 - SALAS Y SOFAS,MAUX - MESAS AUXILIARES,XY0374:00002:,XY0374,00002,"",6
P003 - SALAS Y SOFAS,MAUX - MESAS AUXILIARES,XY0832:00051:,XY0832,00051,"",5
P003 - SALAS Y SOFAS,MAUX - MESAS AUXILIARES,XY0868:00015:,XY0868,00015,"",5
P003 - SALAS Y SOFAS,MAUX - MESAS AUXILIARES,XY0944:00002:,XY0944,00002,"",11
P003 - SALAS Y SOFAS,MAUX - MESAS AUXILIARES,XZ0145:00022:,XZ0145,00022,"",3
P003 - SALAS Y SOFAS,MAUX - MESAS AUXILIARES,XZ0146:00026:,XZ0146,00026,"",8
P003 - SALAS Y SOFAS,MAUX - MESAS AUXILIARES,XZ0232:00026:,XZ0232,00026,"",4
P003 - SALAS Y SOFAS,MAUX - MESAS AUXILIARES,XZ0352:00005:,XZ0352,00005,"",6
P003 - SALAS Y SOFAS,MAUX - MESAS AUXILIARES,XZ0353:00001:,XZ0353,00001,"",3
P003 - SALAS Y SOFAS,MAUX - MESAS AUXILIARES,XZ0541:00026:,XZ0541,00026,"",3
P003 - SALAS Y SOFAS,MAUX - MESAS AUXILIARES,XZ0701:00005:,XZ0701,00005,"",6
P003 - SALAS Y SOFAS,MAUX - MESAS AUXILIARES,XZ0839:00005:,XZ0839,00005,"",2
P003 - SALAS Y SOFAS,MAUX - MESAS AUXILIARES,XZ0840:00001:,XZ0840,00001,"",3
P003 - SALAS Y SOFAS,MCET - MESAS DE CENTRO,BR0033:00198:,BR0033,00198,"",92
P003 - SALAS Y SOFAS,MCET - MESAS DE CENTRO,BR0041::,BR0041,"","",25
P003 - SALAS Y SOFAS,MCET - MESAS DE CENTRO,BR0044::,BR0044,"","",16
P003 - SALAS Y SOFAS,MCET - MESAS DE CENTRO,XA0086:00016:,XA0086,00016,"",7
P003 - SALAS Y SOFAS,MCET - MESAS DE CENTRO,XA0088:00149:,XA0088,00149,"",2
P003 - SALAS Y SOFAS,MCET - MESAS DE CENTRO,XA0155:00044:,XA0155,00044,"",3
P003 - SALAS Y SOFAS,MCET - MESAS DE CENTRO,XA0167:00136:,XA0167,00136,"",2
P003 - SALAS Y SOFAS,MCET - MESAS DE CENTRO,XA0169:00005:,XA0169,00005,"",8
P003 - SALAS Y SOFAS,MCET - MESAS DE CENTRO,XA0169:00035:,XA0169,00035,"",1
P003 - SALAS Y SOFAS,MCET - MESAS DE CENTRO,XA0177:00026:,XA0177,00026,"",4
P003 - SALAS Y SOFAS,MCET - MESAS DE CENTRO,XA0253:00167:,XA0253,00167,"",16
P003 - SALAS Y SOFAS,MCET - MESAS DE CENTRO,XA0275:00112:,XA0275,00112,"",4
P003 - SALAS Y SOFAS,MCET - MESAS DE CENTRO,XA0414:00026:,XA0414,00026,"",4
P003 - SALAS Y SOFAS,MCET - MESAS DE CENTRO,XA0419:00046:,XA0419,00046,"",9
P003 - SALAS Y SOFAS,MCET - MESAS DE CENTRO,XA0420:00184:,XA0420,00184,"",5
P003 - SALAS Y SOFAS,MCET - MESAS DE CENTRO,XA0535:00065:,XA0535,00065,"",6
P003 - SALAS Y SOFAS,MCET - MESAS DE CENTRO,XA0546:00001:,XA0546,00001,"",4
P003 - SALAS Y SOFAS,MCET - MESAS DE CENTRO,XA0572:00188:,XA0572,00188,"",2
P003 - SALAS Y SOFAS,MCET - MESAS DE CENTRO,XA0581:00009:,XA0581,00009,"",3
P003 - SALAS Y SOFAS,MCET - MESAS DE CENTRO,XA0666:00189:,XA0666,00189,"",9
P003 - SALAS Y SOFAS,MCET - MESAS DE CENTRO,XA0713:00028:,XA0713,00028,"",65
P003 - SALAS Y SOFAS,MCET - MESAS DE CENTRO,XA0729:00036:,XA0729,00036,"",2
P003 - SALAS Y SOFAS,MCET - MESAS DE CENTRO,XA0755:00077:,XA0755,00077,"",6
P003 - SALAS Y SOFAS,MCET - MESAS DE CENTRO,XA0807:00001:,XA0807,00001,"",1
P003 - SALAS Y SOFAS,MCET - MESAS DE CENTRO,XA0816:00051:,XA0816,00051,"",11
P003 - SALAS Y SOFAS,MCET - MESAS DE CENTRO,XA0817:00051:,XA0817,00051,"",4
P003 - SALAS Y SOFAS,MCET - MESAS DE CENTRO,XC0039:00029:,XC0039,00029,"",1
P003 - SALAS Y SOFAS,MCET - MESAS DE CENTRO,XC0112::,XC0112,"","",4
P003 - SALAS Y SOFAS,MCET - MESAS DE CENTRO,XR0986:00016:,XR0986,00016,"",9
P003 - SALAS Y SOFAS,MCET - MESAS DE CENTRO,XY0079:00002:,XY0079,00002,"",5
P003 - SALAS Y SOFAS,MCET - MESAS DE CENTRO,XY0085:00005:,XY0085,00005,"",3
P003 - SALAS Y SOFAS,MCET - MESAS DE CENTRO,XY0087:00005:,XY0087,00005,"",4
P003 - SALAS Y SOFAS,MCET - MESAS DE CENTRO,XY0089:00005:,XY0089,00005,"",10
P003 - SALAS Y SOFAS,MCET - MESAS DE CENTRO,XY0198:00005:,XY0198,00005,"",10
P003 - SALAS Y SOFAS,MCET - MESAS DE CENTRO,XY0221:00026:,XY0221,00026,"",4
P003 - SALAS Y SOFAS,MCET - MESAS DE CENTRO,XY0223:00005:,XY0223,00005,"",4
P003 - SALAS Y SOFAS,MCET - MESAS DE CENTRO,XY0341:00018:,XY0341,00018,"",9
P003 - SALAS Y SOFAS,MCET - MESAS DE CENTRO,XY0345:00026:,XY0345,00026,"",3
P003 - SALAS Y SOFAS,MCET - MESAS DE CENTRO,XY0349:00016:,XY0349,00016,"",2
P003 - SALAS Y SOFAS,MCET - MESAS DE CENTRO,XY0357:00035:,XY0357,00035,"",2
P003 - SALAS Y SOFAS,MCET - MESAS DE CENTRO,XY0426:00100:,XY0426,00100,"",3
P003 - SALAS Y SOFAS,MCET - MESAS DE CENTRO,XY0441:00023:,XY0441,00023,"",3
P003 - SALAS Y SOFAS,MCET - MESAS DE CENTRO,XY0483:00004:,XY0483,00004,"",7
P003 - SALAS Y SOFAS,MCET - MESAS DE CENTRO,XY0529:00005:,XY0529,00005,"",10
P003 - SALAS Y SOFAS,MCET - MESAS DE CENTRO,XY0955:00005:,XY0955,00005,"",5
P003 - SALAS Y SOFAS,MCET - MESAS DE CENTRO,XY0957:00005:,XY0957,00005,"",4
P003 - SALAS Y SOFAS,MCET - MESAS DE CENTRO,XY0993:00005:,XY0993,00005,"",2
P003 - SALAS Y SOFAS,MCET - MESAS DE CENTRO,XZ0007:00035:,XZ0007,00035,"",2
P003 - SALAS Y SOFAS,MCET - MESAS DE CENTRO,XZ0042:00009:,XZ0042,00009,"",3
P003 - SALAS Y SOFAS,MCET - MESAS DE CENTRO,XZ0045:00022:,XZ0045,00022,"",5
P003 - SALAS Y SOFAS,MCET - MESAS DE CENTRO,XZ0047:00026:,XZ0047,00026,"",10
P003 - SALAS Y SOFAS,MCET - MESAS DE CENTRO,XZ0093:00036:,XZ0093,00036,"",14
P003 - SALAS Y SOFAS,MCET - MESAS DE CENTRO,XZ0096:00036:,XZ0096,00036,"",12
P003 - SALAS Y SOFAS,MCET - MESAS DE CENTRO,XZ0159:00027:,XZ0159,00027,"",12
P003 - SALAS Y SOFAS,MCET - MESAS DE CENTRO,XZ0161:00005:,XZ0161,00005,"",3
P003 - SALAS Y SOFAS,MCET - MESAS DE CENTRO,XZ0245:00012:,XZ0245,00012,"",6
P003 - SALAS Y SOFAS,MCET - MESAS DE CENTRO,XZ0250:00002:,XZ0250,00002,"",2
P003 - SALAS Y SOFAS,MCET - MESAS DE CENTRO,XZ0268:00001:,XZ0268,00001,"",7
P003 - SALAS Y SOFAS,MCET - MESAS DE CENTRO,XZ0269:00005:,XZ0269,00005,"",1
P003 - SALAS Y SOFAS,MCET - MESAS DE CENTRO,XZ0274:00002:,XZ0274,00002,"",7
P003 - SALAS Y SOFAS,MCET - MESAS DE CENTRO,XZ0320:00002:,XZ0320,00002,"",6
P003 - SALAS Y SOFAS,MCET - MESAS DE CENTRO,XZ0491:00005:,XZ0491,00005,"",8
P003 - SALAS Y SOFAS,MCET - MESAS DE CENTRO,XZ0494:00005:,XZ0494,00005,"",3
P003 - SALAS Y SOFAS,MCET - MESAS DE CENTRO,XZ0531:00009:,XZ0531,00009,"",2
P003 - SALAS Y SOFAS,MCET - MESAS DE CENTRO,XZ0551:00005:,XZ0551,00005,"",4
P003 - SALAS Y SOFAS,MCET - MESAS DE CENTRO,XZ0592:00005:,XZ0592,00005,"",3
P003 - SALAS Y SOFAS,MCET - MESAS DE CENTRO,XZ0601:00005:,XZ0601,00005,"",2
P003 - SALAS Y SOFAS,MCET - MESAS DE CENTRO,XZ0657:00001:,XZ0657,00001,"",9
P003 - SALAS Y SOFAS,MCET - MESAS DE CENTRO,XZ0712:00009:,XZ0712,00009,"",6
P003 - SALAS Y SOFAS,MCET - MESAS DE CENTRO,XZ0721:00005:,XZ0721,00005,"",4
P003 - SALAS Y SOFAS,MCET - MESAS DE CENTRO,XZ0799:00001:,XZ0799,00001,"",3
P003 - SALAS Y SOFAS,MCET - MESAS DE CENTRO,XZ0819:00111:,XZ0819,00111,"",3
P003 - SALAS Y SOFAS,MCET - MESAS DE CENTRO,XZ0829:00005:,XZ0829,00005,"",3
P003 - SALAS Y SOFAS,MCET - MESAS DE CENTRO,XZ0830:00001:,XZ0830,00001,"",2
P003 - SALAS Y SOFAS,MCET - MESAS DE CENTRO,XZ0831:00024:,XZ0831,00024,"",14
P003 - SALAS Y SOFAS,MCET - MESAS DE CENTRO,XZ0832:00005:,XZ0832,00005,"",2
P003 - SALAS Y SOFAS,MCET - MESAS DE CENTRO,XZ0835:00005:,XZ0835,00005,"",6
P003 - SALAS Y SOFAS,MCET - MESAS DE CENTRO,XZ0838:00001:,XZ0838,00001,"",5
P003 - SALAS Y SOFAS,MCET - MESAS DE CENTRO,XZ0841:00006:,XZ0841,00006,"",6
P003 - SALAS Y SOFAS,MCET - MESAS DE CENTRO,XZ0888:00001:,XZ0888,00001,"",2
P003 - SALAS Y SOFAS,MCET - MESAS DE CENTRO,XZ0889:00005:,XZ0889,00005,"",5
P003 - SALAS Y SOFAS,MCET - MESAS DE CENTRO,XZ0901:00009:,XZ0901,00009,"",5
P003 - SALAS Y SOFAS,MCET - MESAS DE CENTRO,XZ0917:00005:,XZ0917,00005,"",17
P003 - SALAS Y SOFAS,MCET - MESAS DE CENTRO,XZ0931:00136:,XZ0931,00136,"",6
P003 - SALAS Y SOFAS,MCET - MESAS DE CENTRO,XZ0932:00138:,XZ0932,00138,"",3
P003 - SALAS Y SOFAS,MCET - MESAS DE CENTRO,XZ0933:00139:,XZ0933,00139,"",31
P003 - SALAS Y SOFAS,MCET - MESAS DE CENTRO,XZ0934:00137:,XZ0934,00137,"",4
P003 - SALAS Y SOFAS,MCET - MESAS DE CENTRO,XZ0937:00123:,XZ0937,00123,"",4
P003 - SALAS Y SOFAS,MCET - MESAS DE CENTRO,XZ0943:00122:,XZ0943,00122,"",1
P003 - SALAS Y SOFAS,MCET - MESAS DE CENTRO,XZ0946:00026:,XZ0946,00026,"",7
P003 - SALAS Y SOFAS,MCET - MESAS DE CENTRO,XZ0947:00076:,XZ0947,00076,"",5
P003 - SALAS Y SOFAS,MCET - MESAS DE CENTRO,XZ0949:00026:,XZ0949,00026,"",3
P003 - SALAS Y SOFAS,MCET - MESAS DE CENTRO,XZ0996:00100:,XZ0996,00100,"",3
P003 - SALAS Y SOFAS,MCET - MESAS DE CENTRO,YX0090:00009:,YX0090,00009,"",5
P003 - SALAS Y SOFAS,MCOM - MESAS DE 4P,XY0092:00005:,XY0092,00005,"",6
P003 - SALAS Y SOFAS,MODU - MODULARES,XA0684:00005:,XA0684,00005,"",2
P003 - SALAS Y SOFAS,MODU - MODULARES,XA0709:00092:,XA0709,00092,"",4
P003 - SALAS Y SOFAS,MSTV - MESA TV,BR0013:00194:,BR0013,00194,"",28
P003 - SALAS Y SOFAS,MSTV - MESA TV,BR0015:00193:,BR0015,00193,"",28
P003 - SALAS Y SOFAS,MSTV - MESA TV,XA0091:00149:,XA0091,00149,"",4
P003 - SALAS Y SOFAS,MSTV - MESA TV,XA0183:00007:,XA0183,00007,"",17
P003 - SALAS Y SOFAS,MSTV - MESA TV,XR0670:00011:,XR0670,00011,"",7
P003 - SALAS Y SOFAS,MSTV - MESA TV,XR0756:00026:,XR0756,00026,"",2
P003 - SALAS Y SOFAS,MSTV - MESA TV,XY0220:00005:,XY0220,00005,"",4
P003 - SALAS Y SOFAS,MSTV - MESA TV,XY0352:00005:,XY0352,00005,"",2
P003 - SALAS Y SOFAS,MSTV - MESA TV,XY0478:00001:,XY0478,00001,"",5
P003 - SALAS Y SOFAS,MSTV - MESA TV,XY0827:00002:,XY0827,00002,"",2
P003 - SALAS Y SOFAS,MSTV - MESA TV,XY0831:00046:,XY0831,00046,"",2
P003 - SALAS Y SOFAS,MSTV - MESA TV,XY0873:00015:,XY0873,00015,"",3
P003 - SALAS Y SOFAS,MSTV - MESA TV,XY0877:00068:,XY0877,00068,"",3
P003 - SALAS Y SOFAS,MSTV - MESA TV,XZ0446:00006:,XZ0446,00006,"",3
P003 - SALAS Y SOFAS,MSTV - MESA TV,XZ0495:00007:,XZ0495,00007,"",6
P003 - SALAS Y SOFAS,MSTV - MESA TV,XZ0658:00015:,XZ0658,00015,"",10
P003 - SALAS Y SOFAS,MSTV - MESA TV,XZ0700:00026:,XZ0700,00026,"",13
P003 - SALAS Y SOFAS,MSTV - MESA TV,XZ0702:00005:,XZ0702,00005,"",19
P003 - SALAS Y SOFAS,MSTV - MESA TV,XZ0869:00044:,XZ0869,00044,"",6
P003 - SALAS Y SOFAS,MSTV - MESA TV,XZ0951:00044:,XZ0951,00044,"",4
P003 - SALAS Y SOFAS,POLT - POLTRONAS,D00904:00396:00396,D00904,00396,00396,3
P003 - SALAS Y SOFAS,POLT - POLTRONAS,D01318:00115:00115,D01318,00115,00115,2
P003 - SALAS Y SOFAS,POLT - POLTRONAS,D01318:00382:00382,D01318,00382,00382,1
P003 - SALAS Y SOFAS,POLT - POLTRONAS,XC0132::,XC0132,"","",1
P003 - SALAS Y SOFAS,POLT - POLTRONAS,XC0134::,XC0134,"","",2
P003 - SALAS Y SOFAS,POLT - POLTRONAS,XC0136::,XC0136,"","",1
P003 - SALAS Y SOFAS,POLT - POLTRONAS,XC0138::,XC0138,"","",4
P003 - SALAS Y SOFAS,POLT - POLTRONAS,XC0139::,XC0139,"","",2
P003 - SALAS Y SOFAS,PUFF - PUFF,D00976:00070:00070,D00976,00070,00070,1
P003 - SALAS Y SOFAS,PUFF - PUFF,D00976:00133:00133,D00976,00133,00133,1
P003 - SALAS Y SOFAS,PUFF - PUFF,XA0423:00024:,XA0423,00024,"",6
P003 - SALAS Y SOFAS,PUFF - PUFF,XA0425:00050:,XA0425,00050,"",3
P003 - SALAS Y SOFAS,PUFF - PUFF,XA0426:00005:,XA0426,00005,"",4
P003 - SALAS Y SOFAS,PUFF - PUFF,XA0427:00024:,XA0427,00024,"",14
P003 - SALAS Y SOFAS,PUFF - PUFF,XA0428:00050:,XA0428,00050,"",10
P003 - SALAS Y SOFAS,PUFF - PUFF,XA0431:00005:,XA0431,00005,"",6
P003 - SALAS Y SOFAS,PUFF - PUFF,XA0434:00050:,XA0434,00050,"",2
P003 - SALAS Y SOFAS,PUFF - PUFF,XA0436:00024:,XA0436,00024,"",2
P003 - SALAS Y SOFAS,PUFF - PUFF,XA0437:00005:,XA0437,00005,"",3
P003 - SALAS Y SOFAS,PUFF - PUFF,XA0438:00050:,XA0438,00050,"",3
P003 - SALAS Y SOFAS,PUFF - PUFF,XA0447:00050:,XA0447,00050,"",5
P003 - SALAS Y SOFAS,PUFF - PUFF,XA0448:00009:,XA0448,00009,"",6
P003 - SALAS Y SOFAS,PUFF - PUFF,XA0450:00005:,XA0450,00005,"",4
P003 - SALAS Y SOFAS,PUFF - PUFF,XA0804:00046:,XA0804,00046,"",11
P003 - SALAS Y SOFAS,PUFF - PUFF,XC0071:00046:,XC0071,00046,"",1
P003 - SALAS Y SOFAS,PUFF - PUFF,XC0075:00009:,XC0075,00009,"",3
P003 - SALAS Y SOFAS,PUFF - PUFF,XC0107::,XC0107,"","",11
P003 - SALAS Y SOFAS,PUFF - PUFF,XC0108::,XC0108,"","",27
P003 - SALAS Y SOFAS,PUFF - PUFF,XC0109::,XC0109,"","",24
P003 - SALAS Y SOFAS,PUFF - PUFF,XR0280:00005:,XR0280,00005,"",44
P003 - SALAS Y SOFAS,PUFF - PUFF,XZ0406:00005:,XZ0406,00005,"",6
P003 - SALAS Y SOFAS,PUFF - PUFF,YR0069:00024:,YR0069,00024,"",4
P003 - SALAS Y SOFAS,RCL1 - RECLINABLES 1P,XA0192:00001:,XA0192,00001,"",2
P003 - SALAS Y SOFAS,RCL1 - RECLINABLES 1P,XA0292:00005:,XA0292,00005,"",3
P003 - SALAS Y SOFAS,RCL1 - RECLINABLES 1P,XA0293:00001:,XA0293,00001,"",7
P003 - SALAS Y SOFAS,RCL1 - RECLINABLES 1P,XA0342:00009:,XA0342,00009,"",1
P003 - SALAS Y SOFAS,RCL1 - RECLINABLES 1P,XA0345:00009:,XA0345,00009,"",50
P003 - SALAS Y SOFAS,RCL1 - RECLINABLES 1P,XA0671:00005:,XA0671,00005,"",3
P003 - SALAS Y SOFAS,RCL1 - RECLINABLES 1P,XA0701:00009:,XA0701,00009,"",3
P003 - SALAS Y SOFAS,RCL1 - RECLINABLES 1P,XA0746:00023:,XA0746,00023,"",116
P003 - SALAS Y SOFAS,RCL1 - RECLINABLES 1P,XC0001:00009:,XC0001,00009,"",7
P003 - SALAS Y SOFAS,RCL1 - RECLINABLES 1P,XC0002:00029:,XC0002,00029,"",14
P003 - SALAS Y SOFAS,RCL1 - RECLINABLES 1P,XC0032:00005:,XC0032,00005,"",19
P003 - SALAS Y SOFAS,RCL1 - RECLINABLES 1P,XC0033:00001:,XC0033,00001,"",12
P003 - SALAS Y SOFAS,RCL1 - RECLINABLES 1P,XN0765:00009:,XN0765,00009,"",3
P003 - SALAS Y SOFAS,RCL1 - RECLINABLES 1P,XY0028:00009:,XY0028,00009,"",3
P003 - SALAS Y SOFAS,RCL1 - RECLINABLES 1P,XY0335:00001:,XY0335,00001,"",3
P003 - SALAS Y SOFAS,RCL2 - RECLINABLES 2P,XA0343:00009:,XA0343,00009,"",25
P003 - SALAS Y SOFAS,RCL2 - RECLINABLES 2P,XC0018:00092:,XC0018,00092,"",8
P003 - SALAS Y SOFAS,RCL2 - RECLINABLES 2P,XC0020:00118:,XC0020,00118,"",1
P003 - SALAS Y SOFAS,RCL2 - RECLINABLES 2P,XC0114::,XC0114,"","",15
P003 - SALAS Y SOFAS,RCL2 - RECLINABLES 2P,XC0116::,XC0116,"","",13
P003 - SALAS Y SOFAS,RCL3 - RECLINABLES 3P,XC0017:00092:,XC0017,00092,"",1
P003 - SALAS Y SOFAS,RCL3 - RECLINABLES 3P,XC0115::,XC0115,"","",14
P003 - SALAS Y SOFAS,RCL3 - RECLINABLES 3P,XC0117::,XC0117,"","",15
P003 - SALAS Y SOFAS,RCLL - RECLINABLES EN L,XC0022:00005:,XC0022,00005,"",12
P003 - SALAS Y SOFAS,RCLL - RECLINABLES EN L,XC0110:00009:,XC0110,00009,"",1
P003 - SALAS Y SOFAS,RCLL - RECLINABLES EN L,XC0110-1:00009:,XC0110-1,00009,"",9
P003 - SALAS Y SOFAS,RECL - RECLINABLES,XA0195:00001:,XA0195,00001,"",6
P003 - SALAS Y SOFAS,RECL - RECLINABLES,XA0197:00009:,XA0197,00009,"",13
P003 - SALAS Y SOFAS,RECL - RECLINABLES,XA0198:00001:,XA0198,00001,"",6
P003 - SALAS Y SOFAS,RECL - RECLINABLES,XA0284:00069:,XA0284,00069,"",5
P003 - SALAS Y SOFAS,RECL - RECLINABLES,XA0340:00029:,XA0340,00029,"",27
P003 - SALAS Y SOFAS,RECL - RECLINABLES,XA0341:00029:,XA0341,00029,"",12
P003 - SALAS Y SOFAS,RECL - RECLINABLES,XA0344:00009:,XA0344,00009,"",11
P003 - SALAS Y SOFAS,RECL - RECLINABLES,XA0346:00009:,XA0346,00009,"",70
P003 - SALAS Y SOFAS,RECL - RECLINABLES,XA0347:00009:,XA0347,00009,"",62
P003 - SALAS Y SOFAS,RECL - RECLINABLES,XA0529:00009:,XA0529,00009,"",1
P003 - SALAS Y SOFAS,RECL - RECLINABLES,XA0680:00005:,XA0680,00005,"",1
P003 - SALAS Y SOFAS,RECL - RECLINABLES,XA0714:00036:,XA0714,00036,"",3
P003 - SALAS Y SOFAS,RECL - RECLINABLES,XA0748:00092:,XA0748,00092,"",1
P003 - SALAS Y SOFAS,RECL - RECLINABLES,XA0751:00118:,XA0751,00118,"",2
P003 - SALAS Y SOFAS,RECL - RECLINABLES,XC0005:00029:,XC0005,00029,"",44
P003 - SALAS Y SOFAS,RECL - RECLINABLES,XC0007:00005:,XC0007,00005,"",5
P003 - SALAS Y SOFAS,RECL - RECLINABLES,XC0008:00005:,XC0008,00005,"",1
P003 - SALAS Y SOFAS,RECL - RECLINABLES,XC0011:00009:,XC0011,00009,"",12
P003 - SALAS Y SOFAS,RECL - RECLINABLES,XC0015:00009:,XC0015,00009,"",1
P003 - SALAS Y SOFAS,RECL - RECLINABLES,XZ0498:00009:,XZ0498,00009,"",2
P003 - SALAS Y SOFAS,RECL - RECLINABLES,XZ0758:00036:,XZ0758,00036,"",2
P003 - SALAS Y SOFAS,SAUX - SILLAS AUXILIARES,XA0051:00029:,XA0051,00029,"",2
P003 - SALAS Y SOFAS,SAUX - SILLAS AUXILIARES,XA0302:00029:,XA0302,00029,"",3
P003 - SALAS Y SOFAS,SAUX - SILLAS AUXILIARES,XA0303:00024:,XA0303,00024,"",3
P003 - SALAS Y SOFAS,SAUX - SILLAS AUXILIARES,XA0377:00123:,XA0377,00123,"",2
P003 - SALAS Y SOFAS,SAUX - SILLAS AUXILIARES,XA0393:00009:,XA0393,00009,"",11
P003 - SALAS Y SOFAS,SAUX - SILLAS AUXILIARES,XA0395:00046:,XA0395,00046,"",135
P003 - SALAS Y SOFAS,SAUX - SILLAS AUXILIARES,XA0396:00108:,XA0396,00108,"",129
P003 - SALAS Y SOFAS,SAUX - SILLAS AUXILIARES,XA0397:00118:,XA0397,00118,"",73
P003 - SALAS Y SOFAS,SAUX - SILLAS AUXILIARES,XA0442:00024:,XA0442,00024,"",2
P003 - SALAS Y SOFAS,SAUX - SILLAS AUXILIARES,XA0443:00005:,XA0443,00005,"",3
P003 - SALAS Y SOFAS,SAUX - SILLAS AUXILIARES,XA0444:00050:,XA0444,00050,"",3
P003 - SALAS Y SOFAS,SAUX - SILLAS AUXILIARES,XA0445:00024:,XA0445,00024,"",3
P003 - SALAS Y SOFAS,SAUX - SILLAS AUXILIARES,XA0740:00046:,XA0740,00046,"",5
P003 - SALAS Y SOFAS,SAUX - SILLAS AUXILIARES,XA0793:00001:,XA0793,00001,"",2
P003 - SALAS Y SOFAS,SAUX - SILLAS AUXILIARES,XA0795:00046:,XA0795,00046,"",28
P003 - SALAS Y SOFAS,SAUX - SILLAS AUXILIARES,XA0796:00108:,XA0796,00108,"",17
P003 - SALAS Y SOFAS,SAUX - SILLAS AUXILIARES,XA0797:00009:,XA0797,00009,"",40
P003 - SALAS Y SOFAS,SAUX - SILLAS AUXILIARES,XC0073:00201:,XC0073,00201,"",2
P003 - SALAS Y SOFAS,SAUX - SILLAS AUXILIARES,XN0571:00009:,XN0571,00009,"",2
P003 - SALAS Y SOFAS,SAUX - SILLAS AUXILIARES,XR0211:00036:,XR0211,00036,"",5
P003 - SALAS Y SOFAS,SAUX - SILLAS AUXILIARES,XR0219:00024:,XR0219,00024,"",15
P003 - SALAS Y SOFAS,SAUX - SILLAS AUXILIARES,XR0230:00005:,XR0230,00005,"",2
P003 - SALAS Y SOFAS,SAUX - SILLAS AUXILIARES,XR0231:00024:,XR0231,00024,"",2
P003 - SALAS Y SOFAS,SAUX - SILLAS AUXILIARES,XR0232:00001:,XR0232,00001,"",2
P003 - SALAS Y SOFAS,SAUX - SILLAS AUXILIARES,XY0264:00030:,XY0264,00030,"",2
P003 - SALAS Y SOFAS,SAUX - SILLAS AUXILIARES,XY0326:00001:,XY0326,00001,"",2
P003 - SALAS Y SOFAS,SAUX - SILLAS AUXILIARES,XY0381:00030:,XY0381,00030,"",2
P003 - SALAS Y SOFAS,SAUX - SILLAS AUXILIARES,XZ0037:00005:,XZ0037,00005,"",5
P003 - SALAS Y SOFAS,SAUX - SILLAS AUXILIARES,XZ0265:00005:,XZ0265,00005,"",103
P003 - SALAS Y SOFAS,SAUX - SILLAS AUXILIARES,XZ0266:00046:,XZ0266,00046,"",66
P003 - SALAS Y SOFAS,SAUX - SILLAS AUXILIARES,XZ0347:00034:,XZ0347,00034,"",3
P003 - SALAS Y SOFAS,SAUX - SILLAS AUXILIARES,XZ0349:00043:,XZ0349,00043,"",7
P003 - SALAS Y SOFAS,SAUX - SILLAS AUXILIARES,XZ0360:00009:,XZ0360,00009,"",6
P003 - SALAS Y SOFAS,SAUX - SILLAS AUXILIARES,XZ0394:00009:,XZ0394,00009,"",4
P003 - SALAS Y SOFAS,SAUX - SILLAS AUXILIARES,XZ0405:00036:,XZ0405,00036,"",5
P003 - SALAS Y SOFAS,SAUX - SILLAS AUXILIARES,XZ0413:00029:,XZ0413,00029,"",2
P003 - SALAS Y SOFAS,SAUX - SILLAS AUXILIARES,XZ0416:00005:,XZ0416,00005,"",3
P003 - SALAS Y SOFAS,SAUX - SILLAS AUXILIARES,XZ0420:00058:,XZ0420,00058,"",26
P003 - SALAS Y SOFAS,SAUX - SILLAS AUXILIARES,XZ0421:00012:,XZ0421,00012,"",2
P003 - SALAS Y SOFAS,SAUX - SILLAS AUXILIARES,XZ0423:00034:,XZ0423,00034,"",12
P003 - SALAS Y SOFAS,SAUX - SILLAS AUXILIARES,XZ0439:00040:,XZ0439,00040,"",2
P003 - SALAS Y SOFAS,SAUX - SILLAS AUXILIARES,XZ0855:00029:,XZ0855,00029,"",6
P003 - SALAS Y SOFAS,SAUX - SILLAS AUXILIARES,XZ0859:00046:,XZ0859,00046,"",3
P003 - SALAS Y SOFAS,SAUX - SILLAS AUXILIARES,XZ0972:00024:,XZ0972,00024,"",3
P003 - SALAS Y SOFAS,SENL - SALA EN L,XA0754:00009:,XA0754,00009,"",6
P003 - SALAS Y SOFAS,SENL - SALA EN L,XA0808:00009:,XA0808,00009,"",10
P003 - SALAS Y SOFAS,SENL - SALA EN L,XC0092::,XC0092,"","",2
P003 - SALAS Y SOFAS,SENL - SALA EN L,XC0095::,XC0095,"","",11
P003 - SALAS Y SOFAS,SENL - SALA EN L,XC0097::,XC0097,"","",10
P003 - SALAS Y SOFAS,SENL - SALA EN L,XZ0636:00005:,XZ0636,00005,"",2
P003 - SALAS Y SOFAS,SFCA - SOFA CAMA ABATIBLE,D00040:00071:00071,D00040,00071,00071,1
P003 - SALAS Y SOFAS,SFCA - SOFA CAMA ABATIBLE,D00538:00188:00188,D00538,00188,00188,4
P003 - SALAS Y SOFAS,SFCA - SOFA CAMA ABATIBLE,D00935:00048:00048,D00935,00048,00048,1
P003 - SALAS Y SOFAS,SFCA - SOFA CAMA ABATIBLE,D00935:00051:00051,D00935,00051,00051,1
P003 - SALAS Y SOFAS,SFCL - SOFA CAMA EN L,D00527:00075:00075,D00527,00075,00075,1
P003 - SALAS Y SOFAS,SILO - SILLAS DE OFICINA,D00147:00002:,D00147,00002,"",1
P003 - SALAS Y SOFAS,SIMP - SALA IMPORTADA,XA0020:00009:,XA0020,00009,"",3
P003 - SALAS Y SOFAS,SIMP - SALA IMPORTADA,XR0922:00009:,XR0922,00009,"",8
P003 - SALAS Y SOFAS,SIMP - SALA IMPORTADA,XZ0328:00036:,XZ0328,00036,"",2
P003 - SALAS Y SOFAS,SIMP - SALA IMPORTADA,XZ0753:00031:,XZ0753,00031,"",2
P003 - SALAS Y SOFAS,SIMP - SALA IMPORTADA,XZ0782:00005:,XZ0782,00005,"",7
P003 - SALAS Y SOFAS,SIMP - SALA IMPORTADA,XZ0782:00009:,XZ0782,00009,"",2
P003 - SALAS Y SOFAS,SIMP - SALA IMPORTADA,XZ0782:00029:,XZ0782,00029,"",1
P003 - SALAS Y SOFAS,SOF2 - SOFA 2P,D00038:00433:00433,D00038,00433,00433,1
P003 - SALAS Y SOFAS,SOF2 - SOFA 2P,D00038:00436:00436,D00038,00436,00436,1
P003 - SALAS Y SOFAS,SOF2 - SOFA 2P,D00050:00106:00106,D00050,00106,00106,2
P003 - SALAS Y SOFAS,SOF2 - SOFA 2P,D00050:00172:00172,D00050,00172,00172,3
P003 - SALAS Y SOFAS,SOF2 - SOFA 2P,D00050:00173:00173,D00050,00173,00173,8
P003 - SALAS Y SOFAS,SOF2 - SOFA 2P,D00050:00174:00174,D00050,00174,00174,1
P003 - SALAS Y SOFAS,SOF2 - SOFA 2P,D00050:00184:00184,D00050,00184,00184,2
P003 - SALAS Y SOFAS,SOF2 - SOFA 2P,D00069:00013:00013,D00069,00013,00013,1
P003 - SALAS Y SOFAS,SOF2 - SOFA 2P,D00069:00068:00068,D00069,00068,00068,2
P003 - SALAS Y SOFAS,SOF2 - SOFA 2P,D00069:00069:00069,D00069,00069,00069,1
P003 - SALAS Y SOFAS,SOF2 - SOFA 2P,D00069:00146:00146,D00069,00146,00146,1
P003 - SALAS Y SOFAS,SOF2 - SOFA 2P,D00069:00147:00147,D00069,00147,00147,1
P003 - SALAS Y SOFAS,SOF2 - SOFA 2P,D00529:00194:00194,D00529,00194,00194,2
P003 - SALAS Y SOFAS,SOF2 - SOFA 2P,D00534:00067:00067,D00534,00067,00067,1
P003 - SALAS Y SOFAS,SOF2 - SOFA 2P,D00534:00132:00132,D00534,00132,00132,1
P003 - SALAS Y SOFAS,SOF2 - SOFA 2P,D00544:00058:00058,D00544,00058,00058,4
P003 - SALAS Y SOFAS,SOF2 - SOFA 2P,D00544:00062:00062,D00544,00062,00062,2
P003 - SALAS Y SOFAS,SOF2 - SOFA 2P,D00549:00404:00404,D00549,00404,00404,8
P003 - SALAS Y SOFAS,SOF2 - SOFA 2P,D00914:00141:00141,D00914,00141,00141,2
P003 - SALAS Y SOFAS,SOF2 - SOFA 2P,D00914:00146:00146,D00914,00146,00146,1
P003 - SALAS Y SOFAS,SOF2 - SOFA 2P,D00914:00147:00147,D00914,00147,00147,1
P003 - SALAS Y SOFAS,SOF2 - SOFA 2P,D00981:00067:00067,D00981,00067,00067,1
P003 - SALAS Y SOFAS,SOF2 - SOFA 2P,D00981:00132:00132,D00981,00132,00132,1
P003 - SALAS Y SOFAS,SOF2 - SOFA 2P,D00986:00061:00061,D00986,00061,00061,3
P003 - SALAS Y SOFAS,SOF2 - SOFA 2P,D00986:00081:00081,D00986,00081,00081,1
P003 - SALAS Y SOFAS,SOF2 - SOFA 2P,D01166:00072:00072,D01166,00072,00072,3
P003 - SALAS Y SOFAS,SOF2 - SOFA 2P,D01166:00074:00074,D01166,00074,00074,1
P003 - SALAS Y SOFAS,SOF2 - SOFA 2P,D01306:00074:00074,D01306,00074,00074,1
P003 - SALAS Y SOFAS,SOF2 - SOFA 2P,D01306:00075:00075,D01306,00075,00075,1
P003 - SALAS Y SOFAS,SOF2 - SOFA 2P,D01655:00130:00129,D01655,00130,00129,1
P003 - SALAS Y SOFAS,SOF2 - SOFA 2P,D01655:00130:00130,D01655,00130,00130,2
P003 - SALAS Y SOFAS,SOF2 - SOFA 2P,H01024:00068:00068,H01024,00068,00068,1
P003 - SALAS Y SOFAS,SOF2 - SOFA 2P,H01024:00145:00145,H01024,00145,00145,4
P003 - SALAS Y SOFAS,SOF2 - SOFA 2P,H01024:00196:00196,H01024,00196,00196,2
P003 - SALAS Y SOFAS,SOF2 - SOFA 2P,H01024:00213:00213,H01024,00213,00213,1
P003 - SALAS Y SOFAS,SOF2 - SOFA 2P,XA0100-2:00005:,XA0100-2,00005,"",3
P003 - SALAS Y SOFAS,SOF2 - SOFA 2P,XA0564:00009:,XA0564,00009,"",18
P003 - SALAS Y SOFAS,SOF2 - SOFA 2P,XA0565:00082:,XA0565,00082,"",8
P003 - SALAS Y SOFAS,SOF2 - SOFA 2P,XC0088-2:00009:,XC0088-2,00009,"",6
P003 - SALAS Y SOFAS,SOF2 - SOFA 2P,XC0089-2:00029:,XC0089-2,00029,"",7
P003 - SALAS Y SOFAS,SOF2 - SOFA 2P,XC0090-2:00001:,XC0090-2,00001,"",2
P003 - SALAS Y SOFAS,SOF2 - SOFA 2P,XC0098:00029:,XC0098,00029,"",8
P003 - SALAS Y SOFAS,SOF2 - SOFA 2P,XC0099:00046:,XC0099,00046,"",6
P003 - SALAS Y SOFAS,SOF2 - SOFA 2P,XC0101:00046:,XC0101,00046,"",1
P003 - SALAS Y SOFAS,SOF2 - SOFA 2P,XC0141::,XC0141,"","",1
P003 - SALAS Y SOFAS,SOF2 - SOFA 2P,XC0142::,XC0142,"","",1
P003 - SALAS Y SOFAS,SOF2 - SOFA 2P,XZ0295:00005:,XZ0295,00005,"",3
P003 - SALAS Y SOFAS,SOFA - SOFA 3P,D00039:00436:00436,D00039,00436,00436,1
P003 - SALAS Y SOFAS,SOFA - SOFA 3P,D00051:00172:00172,D00051,00172,00172,4
P003 - SALAS Y SOFAS,SOFA - SOFA 3P,D00051:00173:00173,D00051,00173,00173,6
P003 - SALAS Y SOFAS,SOFA - SOFA 3P,D00070:00013:00013,D00070,00013,00013,1
P003 - SALAS Y SOFAS,SOFA - SOFA 3P,D00070:00128:00128,D00070,00128,00128,1
P003 - SALAS Y SOFAS,SOFA - SOFA 3P,D00070:00146:00146,D00070,00146,00146,1
P003 - SALAS Y SOFAS,SOFA - SOFA 3P,D00530:00154:00154,D00530,00154,00154,3
P003 - SALAS Y SOFAS,SOFA - SOFA 3P,D00545:00067:00067,D00545,00067,00067,1
P003 - SALAS Y SOFAS,SOFA - SOFA 3P,D00545:00213:00213,D00545,00213,00213,1
P003 - SALAS Y SOFAS,SOFA - SOFA 3P,D00547:00061:00061,D00547,00061,00061,10
P003 - SALAS Y SOFAS,SOFA - SOFA 3P,D00547:00197:00197,D00547,00197,00197,3
P003 - SALAS Y SOFAS,SOFA - SOFA 3P,D00548:00061:00061,D00548,00061,00061,12
P003 - SALAS Y SOFAS,SOFA - SOFA 3P,D00548:00197:00197,D00548,00197,00197,3
P003 - SALAS Y SOFAS,SOFA - SOFA 3P,D00550:00406:00406,D00550,00406,00406,1
P003 - SALAS Y SOFAS,SOFA - SOFA 3P,D00915:00008:00008,D00915,00008,00008,1
P003 - SALAS Y SOFAS,SOFA - SOFA 3P,D00915:00141:00141,D00915,00141,00141,3
P003 - SALAS Y SOFAS,SOFA - SOFA 3P,D00915:00147:00147,D00915,00147,00147,2
P003 - SALAS Y SOFAS,SOFA - SOFA 3P,D00985:00061:00061,D00985,00061,00061,6
P003 - SALAS Y SOFAS,SOFA - SOFA 3P,D00985:00071:00071,D00985,00071,00071,1
P003 - SALAS Y SOFAS,SOFA - SOFA 3P,D01656:00129:00129,D01656,00129,00129,3
P003 - SALAS Y SOFAS,SOFA - SOFA 3P,H01025:00213:00213,H01025,00213,00213,1
P003 - SALAS Y SOFAS,SOFA - SOFA 3P,XA0502:00009:,XA0502,00009,"",1
P003 - SALAS Y SOFAS,SOFA - SOFA 3P,XC0088-3:00009:,XC0088-3,00009,"",1
P003 - SALAS Y SOFAS,SOFA - SOFA 3P,XC0089-3:00029:,XC0089-3,00029,"",7
P003 - SALAS Y SOFAS,SOFA - SOFA 3P,XC0090-3:00001:,XC0090-3,00001,"",2
P003 - SALAS Y SOFAS,SOFA - SOFA 3P,XZ0290:00043:,XZ0290,00043,"",2
P003 - SALAS Y SOFAS,SOFC - SOFACAMAS,XA0228:00001:,XA0228,00001,"",4
P003 - SALAS Y SOFAS,SOFC - SOFACAMAS,XC0036:00029:,XC0036,00029,"",8
P003 - SALAS Y SOFAS,SOFC - SOFACAMAS,XC0080:00029:,XC0080,00029,"",62
P003 - SALAS Y SOFAS,SOFC - SOFACAMAS,XC0081:00108:,XC0081,00108,"",65
P003 - SALAS Y SOFAS,SOFC - SOFACAMAS,XC0082:00029:,XC0082,00029,"",25
P003 - SALAS Y SOFAS,SOFC - SOFACAMAS,XC0083:00046:,XC0083,00046,"",2
P003 - SALAS Y SOFAS,SOFC - SOFACAMAS,XC0085:00009:,XC0085,00009,"",22
P003 - SALAS Y SOFAS,SOFC - SOFACAMAS,XZ0064:00005:,XZ0064,00005,"",4
P003 - SALAS Y SOFAS,SOFC - SOFACAMAS,XZ0081:00069:,XZ0081,00069,"",4
P003 - SALAS Y SOFAS,SOFC - SOFACAMAS,XZ0212:00009:,XZ0212,00009,"",4
P003 - SALAS Y SOFAS,SOFC - SOFACAMAS,XZ0292:00029:,XZ0292,00029,"",4
P003 - SALAS Y SOFAS,SOFL - SOFAS L,D00036:00210:00210,D00036,00210,00210,1
P003 - SALAS Y SOFAS,SOFL - SOFAS L,D00046:00061:00061,D00046,00061,00061,1
P003 - SALAS Y SOFAS,SOFL - SOFAS L,D00047:00061:00061,D00047,00061,00061,1
P003 - SALAS Y SOFAS,SOFL - SOFAS L,D00514:00061:00061,D00514,00061,00061,1
P003 - SALAS Y SOFAS,SOFL - SOFAS L,XC0091:00029:,XC0091,00029,"",5
P003 - SALAS Y SOFAS,STAN - ESTANTE,BR0040::,BR0040,"","",29
P003 - SALAS Y SOFAS,STAN - ESTANTE,BR0046::,BR0046,"","",22
P003 - SALAS Y SOFAS,STAN - ESTANTE,BR0047::,BR0047,"","",35
P003 - SALAS Y SOFAS,STAN - ESTANTE,BR0048::,BR0048,"","",14
P003 - SALAS Y SOFAS,STAN - ESTANTE,XN0496:00026:,XN0496,00026,"",4
P003 - SALAS Y SOFAS,STAN - ESTANTE,XY0255:00005:,XY0255,00005,"",5
P003 - SALAS Y SOFAS,STAN - ESTANTE,XZ0173:00046:,XZ0173,00046,"",6
P003 - SALAS Y SOFAS,STAN - ESTANTE,XZ0175:00046:,XZ0175,00046,"",2
P003 - SALAS Y SOFAS,STAN - ESTANTE,XZ0192:00002:,XZ0192,00002,"",14
P003 - SALAS Y SOFAS,STAN - ESTANTE,XZ0197:00002:,XZ0197,00002,"",2
P003 - SALAS Y SOFAS,STAN - ESTANTE,XZ0263:00132:,XZ0263,00132,"",4
P003 - SALAS Y SOFAS,STAN - ESTANTE,XZ0267:00001:,XZ0267,00001,"",3
P003 - SALAS Y SOFAS,STAN - ESTANTE,XZ0486:00001:,XZ0486,00001,"",18
P003 - SALAS Y SOFAS,STAN - ESTANTE,XZ0875:00016:,XZ0875,00016,"",12
P003 - SALAS Y SOFAS,STAN - ESTANTE,XZ0876:00016:,XZ0876,00016,"",3
P003 - SALAS Y SOFAS,STAN - ESTANTE,XZ0941:00136:,XZ0941,00136,"",2
P006 - ESTUDIO,BIBL - BIBLIOTECAS,XC0086:00062:,XC0086,00062,"",9
P006 - ESTUDIO,ESCR - ESCRITORIOS,BR0004:00193:,BR0004,00193,"",53
P006 - ESTUDIO,ESCR - ESCRITORIOS,BR0005:00193:,BR0005,00193,"",40
P006 - ESTUDIO,ESCR - ESCRITORIOS,BR0012:00194:,BR0012,00194,"",31
P006 - ESTUDIO,ESCR - ESCRITORIOS,BR0014:00001:,BR0014,00001,"",29
P006 - ESTUDIO,ESCR - ESCRITORIOS,BR0020:00001:,BR0020,00001,"",48
P006 - ESTUDIO,ESCR - ESCRITORIOS,BR0021:00159:,BR0021,00159,"",6
P006 - ESTUDIO,ESCR - ESCRITORIOS,BR0022:00001:,BR0022,00001,"",12
P006 - ESTUDIO,ESCR - ESCRITORIOS,BR0023:00159:,BR0023,00159,"",8
P006 - ESTUDIO,ESCR - ESCRITORIOS,BR0024:00197:,BR0024,00197,"",35
P006 - ESTUDIO,ESCR - ESCRITORIOS,BR0025:00001:,BR0025,00001,"",28
P006 - ESTUDIO,ESCR - ESCRITORIOS,BR0026:00001:,BR0026,00001,"",17
P006 - ESTUDIO,ESCR - ESCRITORIOS,BR0027:00001:,BR0027,00001,"",13
P006 - ESTUDIO,ESCR - ESCRITORIOS,BR0028:00001:,BR0028,00001,"",74
P006 - ESTUDIO,ESCR - ESCRITORIOS,BR0029:00197:,BR0029,00197,"",2
P006 - ESTUDIO,ESCR - ESCRITORIOS,BR0030:00200:,BR0030,00200,"",48
P006 - ESTUDIO,ESCR - ESCRITORIOS,BR0035:00199:,BR0035,00199,"",14
P006 - ESTUDIO,ESCR - ESCRITORIOS,D00121:00021:,D00121,00021,"",1
P006 - ESTUDIO,ESCR - ESCRITORIOS,D00122:00021:,D00122,00021,"",1
P006 - ESTUDIO,ESTA - ESTANTES,BR0002:00193:,BR0002,00193,"",27
P006 - ESTUDIO,ESTA - ESTANTES,BR0003:00194:,BR0003,00194,"",25
P006 - ESTUDIO,ESTA - ESTANTES,BR0006:00196:,BR0006,00196,"",7
P006 - ESTUDIO,ESTA - ESTANTES,BR0007:00195:,BR0007,00195,"",3
P006 - ESTUDIO,ESTA - ESTANTES,BR0008:00012:,BR0008,00012,"",10
P006 - ESTUDIO,ESTA - ESTANTES,BR0009:00196:,BR0009,00196,"",1
P006 - ESTUDIO,ESTA - ESTANTES,BR0034:00001:,BR0034,00001,"",23
P006 - ESTUDIO,ESTA - ESTANTES,XC0024:00061:,XC0024,00061,"",22
P006 - ESTUDIO,ESTA - ESTANTES,XC0025:00141:,XC0025,00141,"",31
P006 - ESTUDIO,ESTA - ESTANTES,XC0026:00141:,XC0026,00141,"",28
P006 - ESTUDIO,ESTA - ESTANTES,XC0027:00141:,XC0027,00141,"",19
P006 - ESTUDIO,SILO - SILLAS DE OFICINA,XC0155::,XC0155,"","",1
P006 - ESTUDIO,SILO - SILLAS DE OFICINA,XC0156::,XC0156,"","",16
P006 - ESTUDIO,SILO - SILLAS DE OFICINA,XC0157::,XC0157,"","",12
P006 - ESTUDIO,SILO - SILLAS DE OFICINA,XC0159::,XC0159,"","",14
P006 - ESTUDIO,SILO - SILLAS DE OFICINA,XC0160::,XC0160,"","",2
P006 - ESTUDIO,SILO - SILLAS DE OFICINA,XC0161::,XC0161,"","",97
P006 - ESTUDIO,SILO - SILLAS DE OFICINA,XC0162::,XC0162,"","",66
P006 - ESTUDIO,SILO - SILLAS DE OFICINA,XC0163::,XC0163,"","",99
P006 - ESTUDIO,STAN - ESTANTE,XC0063::,XC0063,"","",20
P006 - ESTUDIO,STAN - ESTANTE,XC0104:00051:,XC0104,00051,"",21
P006 - ESTUDIO,STAN - ESTANTE,XC0105:00051:,XC0105,00051,"",9
