,ID,REF,CANTIDAD,CATEGORIA,SUBCATEGORIA,DETALLE_1,DETALLE_2
0,XA0669,XA0669:00189:,2,COMEDORES,BIBLIOTECAS,189.0,
1,BR0031,BR0031:00198:,32,COMEDORES,BIFFET,198.0,
2,XA0543,XA0543:00183:,5,COMEDORES,BIFFET,183.0,
3,XA0698,XA0698:00183:,2,COMEDORES,BIFFET,183.0,
4,XC0041,XC0041:00001:,60,COMEDORES,BIFFET,1.0,
5,XC0064,XC0064::,23,COMEDORES,BIFFET,,
6,XC0078,XC0078::,14,COMEDORES,BIFFET,,
7,XZ0483,XZ0483:00005:,2,COMEDORES,BIFFET,5.0,
8,XZ0484,XZ0484:00001:,11,COMEDORES,BIFFET,1.0,
9,BR0032,BR0032:00198:,30,COMEDORES,CONSOLAS,198.0,
10,BR0037,BR0037::,12,COMEDORES,CONSOLAS,,
11,BR0049,BR0049::,14,COMEDORES,CONSOLAS,,
12,BR0050,BR0050::,22,COMEDORES,CONSOLAS,,
13,XA0090,XA0090:00149:,2,COMEDORES,CONSOLAS,149.0,
14,XA0413,XA0413:00026:,24,COMEDORES,CONSOLAS,26.0,
15,XA0537,XA0537:00065:,7,COMEDORES,CONSOLAS,65.0,
16,XA0718,XA0718:00029:,13,COMEDORES,CONSOLAS,29.0,
17,XY0786,XY0786:00001:,37,COMEDORES,CONSOLAS,1.0,
18,XZ0103,XZ0103:00002:,4,COMEDORES,CONSOLAS,2.0,
19,XZ0106,XZ0106:00005:,4,COMEDORES,CONSOLAS,5.0,
20,XZ0722,XZ0722:00005:,28,COMEDORES,CONSOLAS,5.0,
21,XZ0846,XZ0846:00026:,2,COMEDORES,CONSOLAS,26.0,
22,XZ0902,XZ0902:00005:,3,COMEDORES,CONSOLAS,5.0,
23,XZ0903,XZ0903:00005:,18,COMEDORES,CONSOLAS,5.0,
24,XZ0927,XZ0927:00136:,5,COMEDORES,CONSOLAS,136.0,
25,XZ0928,XZ0928:00137:,3,COMEDORES,CONSOLAS,137.0,
26,XZ0929,XZ0929:00138:,2,COMEDORES,CONSOLAS,138.0,
27,XZ0930,XZ0930:00139:,4,COMEDORES,CONSOLAS,139.0,
28,XZ0953,XZ0953:00009:,2,COMEDORES,CONSOLAS,9.0,
29,XA0186,XA0186:00015:,1,COMEDORES,MESAS DE BAR,15.0,
30,XA0383,XA0383:00005:,63,COMEDORES,MESAS DE BAR,5.0,
31,XC0061,XC0061:00051:,23,COMEDORES,MESAS DE BAR,51.0,
32,XY0319,XY0319:00001:,7,COMEDORES,MESAS DE BAR,1.0,
33,XZ0139,XZ0139:00005:,34,COMEDORES,MESAS DE BAR,5.0,
34,XZ0141,XZ0141:00005:,3,COMEDORES,MESAS DE BAR,5.0,
35,XZ0386,XZ0386:00046:,3,COMEDORES,MESAS DE BAR,46.0,
36,XZ0437,XZ0437:00001:,5,COMEDORES,MESAS DE BAR,1.0,
37,XA0381,XA0381:00029:,2,COMEDORES,MESAS DE 6P,29.0,
38,XA0418,XA0418:00066:,11,COMEDORES,MESAS DE 6P,66.0,
39,XA0691,XA0691:00014:,19,COMEDORES,MESAS DE 6P,14.0,
40,XA0725,XA0725:00029:,11,COMEDORES,MESAS DE 6P,29.0,
41,XR0296,XR0296:00035:,2,COMEDORES,MESAS DE 6P,35.0,
42,XR0430,XR0430:00035:,3,COMEDORES,MESAS DE 6P,35.0,
43,XR0754,XR0754:00026:,1,COMEDORES,MESAS DE 6P,26.0,
44,XY0201,XY0201:00001:,4,COMEDORES,MESAS DE 6P,1.0,
45,XY0202,XY0202:00005:,2,COMEDORES,MESAS DE 6P,5.0,
46,XY0203,XY0203:00009:,2,COMEDORES,MESAS DE 6P,9.0,
47,XY0517,XY0517:00005:,3,COMEDORES,MESAS DE 6P,5.0,
48,XY0768,XY0768:00001:,4,COMEDORES,MESAS DE 6P,1.0,
49,XY0995,XY0995:00005:,6,COMEDORES,MESAS DE 6P,5.0,
50,XZ0567,XZ0567:00005:,34,COMEDORES,MESAS DE 6P,5.0,
51,XZ0598,XZ0598:00009:,3,COMEDORES,MESAS DE 6P,9.0,
52,XZ0897,XZ0897:00044:,40,COMEDORES,MESAS DE 6P,44.0,
53,XA0172,XA0172:00015:,3,COMEDORES,MESAS DE 4P,15.0,
54,XC0062,XC0062::,31,COMEDORES,MESAS DE 4P,,
55,XR0516,XR0516:00024:,3,COMEDORES,MESAS DE 4P,24.0,
56,XR0596,XR0596:00002:,6,COMEDORES,MESAS DE 4P,2.0,
57,XR0927,XR0927:00044:,2,COMEDORES,MESAS DE 4P,44.0,
58,XR0946,XR0946:00004:,5,COMEDORES,MESAS DE 4P,4.0,
59,XR0978,XR0978:00024:,3,COMEDORES,MESAS DE 4P,24.0,
60,XY0141,XY0141:00005:,5,COMEDORES,MESAS DE 4P,5.0,
61,XY0160,XY0160:00042:,3,COMEDORES,MESAS DE 4P,42.0,
62,XY0185,XY0185:00002:,24,COMEDORES,MESAS DE 4P,2.0,
63,XY0344,XY0344:00007:,3,COMEDORES,MESAS DE 4P,7.0,
64,XY0933,XY0933:00007:,4,COMEDORES,MESAS DE 4P,7.0,
65,XY0959,XY0959:00024:,4,COMEDORES,MESAS DE 4P,24.0,
66,XY0965,XY0965:00018:,2,COMEDORES,MESAS DE 4P,18.0,
67,XY0979,XY0979:00005:,2,COMEDORES,MESAS DE 4P,5.0,
68,XY0980,XY0980:00024:,5,COMEDORES,MESAS DE 4P,24.0,
69,XY0997,XY0997:00005:,4,COMEDORES,MESAS DE 4P,5.0,
70,XZ0003,XZ0003:00005:,3,COMEDORES,MESAS DE 4P,5.0,
71,XZ0105,XZ0105:00005:,6,COMEDORES,MESAS DE 4P,5.0,
72,XZ0149,XZ0149:00005:,6,COMEDORES,MESAS DE 4P,5.0,
73,XZ0150,XZ0150:00005:,9,COMEDORES,MESAS DE 4P,5.0,
74,XZ0573,XZ0573:00005:,175,COMEDORES,MESAS DE 4P,5.0,
75,XZ0575,XZ0575:00001:,4,COMEDORES,MESAS DE 4P,1.0,
76,XZ0596,XZ0596:00026:,3,COMEDORES,MESAS DE 4P,26.0,
77,XZ0871,XZ0871:00012:,5,COMEDORES,MESAS DE 4P,12.0,
78,XZ0872,XZ0872:00035:,5,COMEDORES,MESAS DE 4P,35.0,
79,XZ0899,XZ0899:00045:,45,COMEDORES,MESAS DE 4P,45.0,
80,XZ0900,XZ0900:00035:,2,COMEDORES,MESAS DE 4P,35.0,
81,XZ0940,XZ0940:00044:,10,COMEDORES,MESAS DE 4P,44.0,
82,YX0093,YX0093:00009:,12,COMEDORES,MESAS DE 4P,9.0,
83,XA0073,XA0073:00005:,5,COMEDORES,MESAS DE EXTENSION,5.0,
84,XA0113,XA0113:00022:,4,COMEDORES,MESAS DE EXTENSION,22.0,
85,XA0540,XA0540:00026:,4,COMEDORES,MESAS DE EXTENSION,26.0,
86,XA0690,XA0690:00005:,41,COMEDORES,MESAS DE EXTENSION,5.0,
87,XC0126,XC0126::,3,COMEDORES,MESAS DE EXTENSION,,
88,XZ0048,XZ0048:00076:,3,COMEDORES,MESAS DE EXTENSION,76.0,
89,XZ0231,XZ0231:00005:,24,COMEDORES,MESAS DE EXTENSION,5.0,
90,XZ0785,XZ0785:00005:,10,COMEDORES,MESAS DE EXTENSION,5.0,
91,XA0108,XA0108:00024:,12,COMEDORES,SILLAS AUXILIARES,24.0,
92,XA0726,XA0726:00005:,2,COMEDORES,SILLAS AUXILIARES,5.0,
93,XC0067,XC0067:00046:,1,COMEDORES,SILLAS AUXILIARES,46.0,
94,XC0068,XC0068:00009:,2,COMEDORES,SILLAS AUXILIARES,9.0,
95,XZ0653,XZ0653:00078:,24,COMEDORES,SILLAS AUXILIARES,78.0,
96,XA0261,XA0261:00046:,22,COMEDORES,SILLAS DE BAR,46.0,
97,XA0264,XA0264:00009:,1,COMEDORES,SILLAS DE BAR,9.0,
98,XA0384,XA0384:00005:,202,COMEDORES,SILLAS DE BAR,5.0,
99,XY0321,XY0321:00001:,10,COMEDORES,SILLAS DE BAR,1.0,
100,XY0409,XY0409:00115:,2,COMEDORES,SILLAS DE BAR,115.0,
101,XZ0368,XZ0368:00046:,1,COMEDORES,SILLAS DE BAR,46.0,
102,XZ0388,XZ0388:00034:,4,COMEDORES,SILLAS DE BAR,34.0,
103,XA0081,XA0081:00005:,38,COMEDORES,SET 4P,5.0,
104,XA0081-1,XA0081-1:00005:,8,COMEDORES,SET 4P,5.0,
105,XA0179,XA0179:00005:,3,COMEDORES,SET 4P,5.0,
106,XA0184,XA0184:00044:,2,COMEDORES,SET 4P,44.0,
107,XA0237,XA0237:00005:,7,COMEDORES,SET 4P,5.0,
108,XA0242,XA0242:00001:,7,COMEDORES,SET 4P,1.0,
109,XA0287,XA0287:00001:,2,COMEDORES,SET 4P,1.0,
110,XA0288,XA0288:00001:,15,COMEDORES,SET 4P,1.0,
111,XA0405,XA0405:00005:,30,COMEDORES,SET 4P,5.0,
112,XA0416-1,XA0416-1:00009:,44,COMEDORES,SET 4P,9.0,
113,XA0533,XA0533:00040:,3,COMEDORES,SET 4P,40.0,
114,XA0551,XA0551:00029:,2,COMEDORES,SET 4P,29.0,
115,XA0553,XA0553:00013:,5,COMEDORES,SET 4P,13.0,
116,XA0665,XA0665:00065:,3,COMEDORES,SET 4P,65.0,
117,XA0677,XA0677:00117:,20,COMEDORES,SET 4P,117.0,
118,XA0678,XA0678:00183:,4,COMEDORES,SET 4P,183.0,
119,XA0730,XA0730:00029:,1,COMEDORES,SET 4P,29.0,
120,XC0037,XC0037:00096:,33,COMEDORES,SET 4P,96.0,
121,XC0045,XC0045::,63,COMEDORES,SET 4P,,
122,XC0049,XC0049::,45,COMEDORES,SET 4P,,
123,XC0051,XC0051::,35,COMEDORES,SET 4P,,
124,XC0119,XC0119:00011:,4,COMEDORES,SET 4P,11.0,
125,XC0125,XC0125:00117:,2,COMEDORES,SET 4P,117.0,
126,XC0127,XC0127::,22,COMEDORES,SET 4P,,
127,XC0128,XC0128::,38,COMEDORES,SET 4P,,
128,XR0339,XR0339:00002:,3,COMEDORES,SET 4P,2.0,
129,XR0628,XR0628:00002:,12,COMEDORES,SET 4P,2.0,
130,XR0638,XR0638:00011:,6,COMEDORES,SET 4P,11.0,
131,XR0639,XR0639:00002:,2,COMEDORES,SET 4P,2.0,
132,XY0211,XY0211:00005:,7,COMEDORES,SET 4P,5.0,
133,XY0486,XY0486:00009:,16,COMEDORES,SET 4P,9.0,
134,XY0850,XY0850:00026:,9,COMEDORES,SET 4P,26.0,
135,XY0932,XY0932:00014:,6,COMEDORES,SET 4P,14.0,
136,XY0940,XY0940:00002:,3,COMEDORES,SET 4P,2.0,
137,XY0964,XY0964:00005:,5,COMEDORES,SET 4P,5.0,
138,XZ0113,XZ0113:00035:,5,COMEDORES,SET 4P,35.0,
139,XZ0140,XZ0140:00035:,2,COMEDORES,SET 4P,35.0,
140,XZ0244,XZ0244:00005:,5,COMEDORES,SET 4P,5.0,
141,XZ0510,XZ0510:00040:,4,COMEDORES,SET 4P,40.0,
142,XZ0518,XZ0518:00023:,3,COMEDORES,SET 4P,23.0,
143,XZ0520,XZ0520:00009:,15,COMEDORES,SET 4P,9.0,
144,XZ0708,XZ0708:00032:,3,COMEDORES,SET 4P,32.0,
145,XZ0988,XZ0988:00005:,2,COMEDORES,SET 4P,5.0,
146,XZ0989,XZ0989:00024:,2,COMEDORES,SET 4P,24.0,
147,XA0071,XA0071:00147:,6,COMEDORES,SET 6P,147.0,
148,XA0153,XA0153:00044:,6,COMEDORES,SET 6P,44.0,
149,XA0236,XA0236:00005:,5,COMEDORES,SET 6P,5.0,
150,XA0378,XA0378:00013:,30,COMEDORES,SET 6P,13.0,
151,XA0404,XA0404:00005:,11,COMEDORES,SET 6P,5.0,
152,XA0519,XA0519:00001:,2,COMEDORES,SET 6P,1.0,
153,XA0520,XA0520:00009:,5,COMEDORES,SET 6P,9.0,
154,XA0534,XA0534:00040:,16,COMEDORES,SET 6P,40.0,
155,XA0548,XA0548:00005:,3,COMEDORES,SET 6P,5.0,
156,XA0549,XA0549:00029:,6,COMEDORES,SET 6P,29.0,
157,XA0670-1,XA0670-1:00009:,26,COMEDORES,SET 6P,9.0,
158,XA0697,XA0697:00058:,4,COMEDORES,SET 6P,58.0,
159,XA0708,XA0708:00046:,2,COMEDORES,SET 6P,46.0,
160,XA0720,XA0720:00029:,2,COMEDORES,SET 6P,29.0,
161,XA0744,XA0744::,40,COMEDORES,SET 6P,,
162,XC0038,XC0038:00096:,16,COMEDORES,SET 6P,96.0,
163,XC0046,XC0046::,48,COMEDORES,SET 6P,,
164,XC0050,XC0050::,29,COMEDORES,SET 6P,,
165,XR0635,XR0635:00002:,3,COMEDORES,SET 6P,2.0,
166,XY0195,XY0195:00120:,6,COMEDORES,SET 6P,120.0,
167,XY0208,XY0208:00036:,7,COMEDORES,SET 6P,36.0,
168,XY0766,XY0766:00091:,4,COMEDORES,SET 6P,91.0,
169,XY0846,XY0846:00004:,5,COMEDORES,SET 6P,4.0,
170,XY0939,XY0939:00002:,6,COMEDORES,SET 6P,2.0,
171,XY0948,XY0948:00005:,6,COMEDORES,SET 6P,5.0,
172,XY0949,XY0949:00002:,11,COMEDORES,SET 6P,2.0,
173,XZ0078-1,XZ0078-1:00005:,8,COMEDORES,SET 6P,5.0,
174,XZ0207-1,XZ0207-1:00009:,9,COMEDORES,SET 6P,9.0,
175,XZ0528,XZ0528:00035:,4,COMEDORES,SET 6P,35.0,
176,XZ0704,XZ0704:00035:,5,COMEDORES,SET 6P,35.0,
177,XZ0709,XZ0709:00033:,6,COMEDORES,SET 6P,33.0,
178,XZ0735,XZ0735:00009:,3,COMEDORES,SET 6P,9.0,
179,XZ0737,XZ0737:00001:,7,COMEDORES,SET 6P,1.0,
180,XZ0792,XZ0792:00009:,6,COMEDORES,SET 6P,9.0,
181,XZ0794,XZ0794:00009:,12,COMEDORES,SET 6P,9.0,
182,XZ0913,XZ0913:00005:,5,COMEDORES,SET 6P,5.0,
183,XZ0913-1,XZ0913-1:00005:,4,COMEDORES,SET 6P,5.0,
184,XZ0914,XZ0914:00001:,3,COMEDORES,SET 6P,1.0,
185,XZ0975,XZ0975:00012:,6,COMEDORES,SET 6P,12.0,
186,XZ0987,XZ0987:00024:,2,COMEDORES,SET 6P,24.0,
187,A01040,A01040:00005:,79,COMEDORES,SILLAS DE COMEDOR,5.0,
188,R00004,R00004::,30,COMEDORES,SILLAS DE COMEDOR,,
189,XA0001,XA0001:00018:,20,COMEDORES,SILLAS DE COMEDOR,18.0,
190,XA0006,XA0006:00141:,5,COMEDORES,SILLAS DE COMEDOR,141.0,
191,XA0007,XA0007:00054:,8,COMEDORES,SILLAS DE COMEDOR,54.0,
192,XA0011,XA0011:00142:,25,COMEDORES,SILLAS DE COMEDOR,142.0,
193,XA0016,XA0016:00035:,8,COMEDORES,SILLAS DE COMEDOR,35.0,
194,XA0059,XA0059:00009:,5,COMEDORES,SILLAS DE COMEDOR,9.0,
195,XA0063,XA0063:00029:,4,COMEDORES,SILLAS DE COMEDOR,29.0,
196,XA0064,XA0064:00005:,8,COMEDORES,SILLAS DE COMEDOR,5.0,
197,XA0065,XA0065:00009:,2,COMEDORES,SILLAS DE COMEDOR,9.0,
198,XA0067,XA0067:00118:,7,COMEDORES,SILLAS DE COMEDOR,118.0,
199,XA0078,XA0078:00128:,30,COMEDORES,SILLAS DE COMEDOR,128.0,
200,XA0102,XA0102:00001:,3,COMEDORES,SILLAS DE COMEDOR,1.0,
201,XA0104,XA0104:00108:,20,COMEDORES,SILLAS DE COMEDOR,108.0,
202,XA0107,XA0107:00001:,9,COMEDORES,SILLAS DE COMEDOR,1.0,
203,XA0112,XA0112:00001:,2,COMEDORES,SILLAS DE COMEDOR,1.0,
204,XA0159,XA0159:00009:,4,COMEDORES,SILLAS DE COMEDOR,9.0,
205,XA0162,XA0162:00009:,14,COMEDORES,SILLAS DE COMEDOR,9.0,
206,XA0227,XA0227:00009:,18,COMEDORES,SILLAS DE COMEDOR,9.0,
207,XA0252,XA0252:00009:,21,COMEDORES,SILLAS DE COMEDOR,9.0,
208,XA0255,XA0255:00128:,6,COMEDORES,SILLAS DE COMEDOR,128.0,
209,XA0257,XA0257:00127:,2,COMEDORES,SILLAS DE COMEDOR,127.0,
210,XA0268,XA0268:00049:,26,COMEDORES,SILLAS DE COMEDOR,49.0,
211,XA0370,XA0370:00049:,29,COMEDORES,SILLAS DE COMEDOR,49.0,
212,XA0380,XA0380:00024:,18,COMEDORES,SILLAS DE COMEDOR,24.0,
213,XA0382,XA0382:00029:,3,COMEDORES,SILLAS DE COMEDOR,29.0,
214,XA0410,XA0410:00009:,5,COMEDORES,SILLAS DE COMEDOR,9.0,
215,XA0411,XA0411:00046:,42,COMEDORES,SILLAS DE COMEDOR,46.0,
216,XA0703,XA0703:00038:,2,COMEDORES,SILLAS DE COMEDOR,38.0,
217,XA0721,XA0721:00029:,3,COMEDORES,SILLAS DE COMEDOR,29.0,
218,XA0739,XA0739:00009:,5,COMEDORES,SILLAS DE COMEDOR,9.0,
219,XA0743,XA0743:00011:,40,COMEDORES,SILLAS DE COMEDOR,11.0,
220,XA0745,XA0745:00011:,6,COMEDORES,SILLAS DE COMEDOR,11.0,
221,XA0757,XA0757:00118:,2,COMEDORES,SILLAS DE COMEDOR,118.0,
222,XA0799,XA0799:00046:,2,COMEDORES,SILLAS DE COMEDOR,46.0,
223,XC0052,XC0052::,133,COMEDORES,SILLAS DE COMEDOR,,
224,XC0053,XC0053::,44,COMEDORES,SILLAS DE COMEDOR,,
225,XC0054,XC0054:00049:,59,COMEDORES,SILLAS DE COMEDOR,49.0,
226,XC0055,XC0055:00036:,38,COMEDORES,SILLAS DE COMEDOR,36.0,
227,XR0319,XR0319:00002:,46,COMEDORES,SILLAS DE COMEDOR,2.0,
228,XR0525,XR0525:00009:,6,COMEDORES,SILLAS DE COMEDOR,9.0,
229,XR0629,XR0629:00011:,4,COMEDORES,SILLAS DE COMEDOR,11.0,
230,XR0682,XR0682:00036:,8,COMEDORES,SILLAS DE COMEDOR,36.0,
231,XR0845,XR0845:00020:,7,COMEDORES,SILLAS DE COMEDOR,20.0,
232,XR0846,XR0846:00024:,2,COMEDORES,SILLAS DE COMEDOR,24.0,
233,XR0860,XR0860:00005:,27,COMEDORES,SILLAS DE COMEDOR,5.0,
234,XR0913,XR0913:00024:,6,COMEDORES,SILLAS DE COMEDOR,24.0,
235,XR0924,XR0924:00024:,6,COMEDORES,SILLAS DE COMEDOR,24.0,
236,XR0930,XR0930:00001:,15,COMEDORES,SILLAS DE COMEDOR,1.0,
237,XR0932,XR0932:00001:,18,COMEDORES,SILLAS DE COMEDOR,1.0,
238,XR0988,XR0988:00036:,4,COMEDORES,SILLAS DE COMEDOR,36.0,
239,XY0036,XY0036:00005:,4,COMEDORES,SILLAS DE COMEDOR,5.0,
240,XY0040,XY0040:00001:,16,COMEDORES,SILLAS DE COMEDOR,1.0,
241,XY0080,XY0080:00002:,24,COMEDORES,SILLAS DE COMEDOR,2.0,
242,XY0082,XY0082:00002:,26,COMEDORES,SILLAS DE COMEDOR,2.0,
243,XY0083,XY0083:00036:,4,COMEDORES,SILLAS DE COMEDOR,36.0,
244,XY0102,XY0102:00005:,2,COMEDORES,SILLAS DE COMEDOR,5.0,
245,XY0104,XY0104:00001:,12,COMEDORES,SILLAS DE COMEDOR,1.0,
246,XY0104,XY0104:00009:,3,COMEDORES,SILLAS DE COMEDOR,9.0,
247,XY0106,XY0106:00009:,8,COMEDORES,SILLAS DE COMEDOR,9.0,
248,XY0107,XY0107:00018:,4,COMEDORES,SILLAS DE COMEDOR,18.0,
249,XY0109,XY0109:00037:,6,COMEDORES,SILLAS DE COMEDOR,37.0,
250,XY0110,XY0110:00001:,4,COMEDORES,SILLAS DE COMEDOR,1.0,
251,XY0112,XY0112:00020:,6,COMEDORES,SILLAS DE COMEDOR,20.0,
252,XY0143,XY0143:00009:,40,COMEDORES,SILLAS DE COMEDOR,9.0,
253,XY0150,XY0150:00005:,17,COMEDORES,SILLAS DE COMEDOR,5.0,
254,XY0151,XY0151:00009:,12,COMEDORES,SILLAS DE COMEDOR,9.0,
255,XY0152,XY0152:00036:,14,COMEDORES,SILLAS DE COMEDOR,36.0,
256,XY0153,XY0153:00001:,10,COMEDORES,SILLAS DE COMEDOR,1.0,
257,XY0154,XY0154:00005:,13,COMEDORES,SILLAS DE COMEDOR,5.0,
258,XY0157,XY0157:00001:,14,COMEDORES,SILLAS DE COMEDOR,1.0,
259,XY0158,XY0158:00001:,13,COMEDORES,SILLAS DE COMEDOR,1.0,
260,XY0249,XY0249:00009:,2,COMEDORES,SILLAS DE COMEDOR,9.0,
261,XY0251,XY0251:00001:,7,COMEDORES,SILLAS DE COMEDOR,1.0,
262,XY0256,XY0256:00005:,2,COMEDORES,SILLAS DE COMEDOR,5.0,
263,XY0257,XY0257:00001:,45,COMEDORES,SILLAS DE COMEDOR,1.0,
264,XY0258,XY0258:00009:,4,COMEDORES,SILLAS DE COMEDOR,9.0,
265,XY0322,XY0322:00001:,9,COMEDORES,SILLAS DE COMEDOR,1.0,
266,XY0324,XY0324:00052:,5,COMEDORES,SILLAS DE COMEDOR,52.0,
267,XY0343,XY0343:00001:,16,COMEDORES,SILLAS DE COMEDOR,1.0,
268,XY0431,XY0431:00005:,4,COMEDORES,SILLAS DE COMEDOR,5.0,
269,XY0434,XY0434:00024:,20,COMEDORES,SILLAS DE COMEDOR,24.0,
270,XY0435,XY0435:00005:,2,COMEDORES,SILLAS DE COMEDOR,5.0,
271,XY0438,XY0438:00005:,8,COMEDORES,SILLAS DE COMEDOR,5.0,
272,XY0439,XY0439:00009:,12,COMEDORES,SILLAS DE COMEDOR,9.0,
273,XY0440,XY0440:00001:,6,COMEDORES,SILLAS DE COMEDOR,1.0,
274,XY0459,XY0459:00005:,4,COMEDORES,SILLAS DE COMEDOR,5.0,
275,XY0460,XY0460:00029:,2,COMEDORES,SILLAS DE COMEDOR,29.0,
276,XY0462,XY0462:00049:,4,COMEDORES,SILLAS DE COMEDOR,49.0,
277,XY0475,XY0475:00001:,6,COMEDORES,SILLAS DE COMEDOR,1.0,
278,XY0487,XY0487:00012:,6,COMEDORES,SILLAS DE COMEDOR,12.0,
279,XY0498,XY0498:00001:,4,COMEDORES,SILLAS DE COMEDOR,1.0,
280,XY0510,XY0510:00050:,4,COMEDORES,SILLAS DE COMEDOR,50.0,
281,XY0761,XY0761:00090:,8,COMEDORES,SILLAS DE COMEDOR,90.0,
282,XY0769,XY0769:00001:,11,COMEDORES,SILLAS DE COMEDOR,1.0,
283,XY0779,XY0779:00001:,33,COMEDORES,SILLAS DE COMEDOR,1.0,
284,XY0780,XY0780:00009:,16,COMEDORES,SILLAS DE COMEDOR,9.0,
285,XY0805,XY0805:00005:,18,COMEDORES,SILLAS DE COMEDOR,5.0,
286,XY0811,XY0811:00005:,10,COMEDORES,SILLAS DE COMEDOR,5.0,
287,XY0812,XY0812:00001:,2,COMEDORES,SILLAS DE COMEDOR,1.0,
288,XY0837,XY0837:00005:,1,COMEDORES,SILLAS DE COMEDOR,5.0,
289,XY0838,XY0838:00005:,4,COMEDORES,SILLAS DE COMEDOR,5.0,
290,XY0842,XY0842:00005:,11,COMEDORES,SILLAS DE COMEDOR,5.0,
291,XY0843,XY0843:00009:,4,COMEDORES,SILLAS DE COMEDOR,9.0,
292,XY0844,XY0844:00001:,8,COMEDORES,SILLAS DE COMEDOR,1.0,
293,XY0894,XY0894:00009:,10,COMEDORES,SILLAS DE COMEDOR,9.0,
294,XY0903,XY0903:00009:,39,COMEDORES,SILLAS DE COMEDOR,9.0,
295,XY0907,XY0907:00005:,3,COMEDORES,SILLAS DE COMEDOR,5.0,
296,XY0908,XY0908:00009:,8,COMEDORES,SILLAS DE COMEDOR,9.0,
297,XY0909,XY0909:00001:,3,COMEDORES,SILLAS DE COMEDOR,1.0,
298,XY0910,XY0910:00005:,16,COMEDORES,SILLAS DE COMEDOR,5.0,
299,XY0931,XY0931:00005:,2,COMEDORES,SILLAS DE COMEDOR,5.0,
300,XY0970,XY0970:00005:,24,COMEDORES,SILLAS DE COMEDOR,5.0,
301,XY0971,XY0971:00001:,5,COMEDORES,SILLAS DE COMEDOR,1.0,
302,XZ0001,XZ0001:00036:,60,COMEDORES,SILLAS DE COMEDOR,36.0,
303,XZ0006,XZ0006:00001:,8,COMEDORES,SILLAS DE COMEDOR,1.0,
304,XZ0018,XZ0018:00009:,2,COMEDORES,SILLAS DE COMEDOR,9.0,
305,XZ0020,XZ0020:00009:,2,COMEDORES,SILLAS DE COMEDOR,9.0,
306,XZ0021,XZ0021:00005:,4,COMEDORES,SILLAS DE COMEDOR,5.0,
307,XZ0050,XZ0050:00005:,1,COMEDORES,SILLAS DE COMEDOR,5.0,
308,XZ0052,XZ0052:00001:,2,COMEDORES,SILLAS DE COMEDOR,1.0,
309,XZ0056,XZ0056:00005:,4,COMEDORES,SILLAS DE COMEDOR,5.0,
310,XZ0057,XZ0057:00009:,26,COMEDORES,SILLAS DE COMEDOR,9.0,
311,XZ0071,XZ0071:00009:,21,COMEDORES,SILLAS DE COMEDOR,9.0,
312,XZ0072,XZ0072:00009:,34,COMEDORES,SILLAS DE COMEDOR,9.0,
313,XZ0095,XZ0095:00009:,44,COMEDORES,SILLAS DE COMEDOR,9.0,
314,XZ0218,XZ0218:00009:,23,COMEDORES,SILLAS DE COMEDOR,9.0,
315,XZ0233,XZ0233:00005:,16,COMEDORES,SILLAS DE COMEDOR,5.0,
316,XZ0234,XZ0234:00009:,23,COMEDORES,SILLAS DE COMEDOR,9.0,
317,XZ0236,XZ0236:00036:,15,COMEDORES,SILLAS DE COMEDOR,36.0,
318,XZ0237,XZ0237:00005:,4,COMEDORES,SILLAS DE COMEDOR,5.0,
319,XZ0238,XZ0238:00009:,28,COMEDORES,SILLAS DE COMEDOR,9.0,
320,XZ0239,XZ0239:00001:,4,COMEDORES,SILLAS DE COMEDOR,1.0,
321,XZ0240,XZ0240:00029:,7,COMEDORES,SILLAS DE COMEDOR,29.0,
322,XZ0248,XZ0248:00009:,3,COMEDORES,SILLAS DE COMEDOR,9.0,
323,XZ0249,XZ0249:00001:,33,COMEDORES,SILLAS DE COMEDOR,1.0,
324,XZ0252,XZ0252:00001:,98,COMEDORES,SILLAS DE COMEDOR,1.0,
325,XZ0334,XZ0334:00009:,29,COMEDORES,SILLAS DE COMEDOR,9.0,
326,XZ0335,XZ0335:00009:,3,COMEDORES,SILLAS DE COMEDOR,9.0,
327,XZ0336,XZ0336:00046:,16,COMEDORES,SILLAS DE COMEDOR,46.0,
328,XZ0363,XZ0363:00029:,8,COMEDORES,SILLAS DE COMEDOR,29.0,
329,XZ0364,XZ0364:00029:,3,COMEDORES,SILLAS DE COMEDOR,29.0,
330,XZ0451,XZ0451:00009:,4,COMEDORES,SILLAS DE COMEDOR,9.0,
331,XZ0454,XZ0454:00009:,4,COMEDORES,SILLAS DE COMEDOR,9.0,
332,XZ0457,XZ0457:00009:,20,COMEDORES,SILLAS DE COMEDOR,9.0,
333,XZ0458,XZ0458:00001:,6,COMEDORES,SILLAS DE COMEDOR,1.0,
334,XZ0475,XZ0475:00005:,4,COMEDORES,SILLAS DE COMEDOR,5.0,
335,XZ0477,XZ0477:00009:,16,COMEDORES,SILLAS DE COMEDOR,9.0,
336,XZ0478,XZ0478:00005:,26,COMEDORES,SILLAS DE COMEDOR,5.0,
337,XZ0479,XZ0479:00001:,17,COMEDORES,SILLAS DE COMEDOR,1.0,
338,XZ0480,XZ0480:00009:,34,COMEDORES,SILLAS DE COMEDOR,9.0,
339,XZ0496,XZ0496:00009:,19,COMEDORES,SILLAS DE COMEDOR,9.0,
340,XZ0505,XZ0505:00009:,197,COMEDORES,SILLAS DE COMEDOR,9.0,
341,XZ0506,XZ0506:00001:,2,COMEDORES,SILLAS DE COMEDOR,1.0,
342,XZ0533,XZ0533:00001:,50,COMEDORES,SILLAS DE COMEDOR,1.0,
343,XZ0540,XZ0540:00009:,8,COMEDORES,SILLAS DE COMEDOR,9.0,
344,XZ0552,XZ0552:00038:,14,COMEDORES,SILLAS DE COMEDOR,38.0,
345,XZ0572,XZ0572:00001:,6,COMEDORES,SILLAS DE COMEDOR,1.0,
346,XZ0578,XZ0578:00043:,30,COMEDORES,SILLAS DE COMEDOR,43.0,
347,XZ0580,XZ0580:00083:,17,COMEDORES,SILLAS DE COMEDOR,83.0,
348,XZ0581,XZ0581:00084:,9,COMEDORES,SILLAS DE COMEDOR,84.0,
349,XZ0584,XZ0584:00005:,4,COMEDORES,SILLAS DE COMEDOR,5.0,
350,XZ0585,XZ0585:00009:,8,COMEDORES,SILLAS DE COMEDOR,9.0,
351,XZ0600,XZ0600:00009:,37,COMEDORES,SILLAS DE COMEDOR,9.0,
352,XZ0651,XZ0651:00078:,9,COMEDORES,SILLAS DE COMEDOR,78.0,
353,XZ0652,XZ0652:00029:,19,COMEDORES,SILLAS DE COMEDOR,29.0,
354,XZ0654,XZ0654:00005:,2,COMEDORES,SILLAS DE COMEDOR,5.0,
355,XZ0655,XZ0655:00023:,35,COMEDORES,SILLAS DE COMEDOR,23.0,
356,XZ0659,XZ0659:00078:,9,COMEDORES,SILLAS DE COMEDOR,78.0,
357,XZ0713,XZ0713:00005:,6,COMEDORES,SILLAS DE COMEDOR,5.0,
358,XZ0714,XZ0714:00009:,57,COMEDORES,SILLAS DE COMEDOR,9.0,
359,XZ0728,XZ0728:00009:,16,COMEDORES,SILLAS DE COMEDOR,9.0,
360,XZ0729,XZ0729:00001:,25,COMEDORES,SILLAS DE COMEDOR,1.0,
361,XZ0730,XZ0730:00035:,2,COMEDORES,SILLAS DE COMEDOR,35.0,
362,XZ0731,XZ0731:00043:,23,COMEDORES,SILLAS DE COMEDOR,43.0,
363,XZ0733,XZ0733:00009:,53,COMEDORES,SILLAS DE COMEDOR,9.0,
364,XZ0734,XZ0734:00001:,40,COMEDORES,SILLAS DE COMEDOR,1.0,
365,XZ0786,XZ0786:00005:,20,COMEDORES,SILLAS DE COMEDOR,5.0,
366,XZ0787,XZ0787:00005:,16,COMEDORES,SILLAS DE COMEDOR,5.0,
367,XZ0820,XZ0820:00005:,6,COMEDORES,SILLAS DE COMEDOR,5.0,
368,XZ0821,XZ0821:00009:,16,COMEDORES,SILLAS DE COMEDOR,9.0,
369,XZ0842,XZ0842:00019:,3,COMEDORES,SILLAS DE COMEDOR,19.0,
370,XZ0848,XZ0848:00009:,239,COMEDORES,SILLAS DE COMEDOR,9.0,
371,XZ0849,XZ0849:00024:,58,COMEDORES,SILLAS DE COMEDOR,24.0,
372,XZ0851 (NO USAR),XZ0851 (NO USAR):00005:,3,COMEDORES,SILLAS DE COMEDOR,5.0,
373,XZ0852,XZ0852:00009:,11,COMEDORES,SILLAS DE COMEDOR,9.0,
374,XZ0921,XZ0921:00029:,2,COMEDORES,SILLAS DE COMEDOR,29.0,
375,XZ0983,XZ0983:00082:,4,COMEDORES,SILLAS DE COMEDOR,82.0,
376,XZ0998,XZ0998:00043:,6,COMEDORES,SILLAS DE COMEDOR,43.0,
377,YR0045,YR0045:00005:,12,COMEDORES,SILLAS DE COMEDOR,5.0,
378,YR0046,YR0046:00009:,6,COMEDORES,SILLAS DE COMEDOR,9.0,
379,YR0047,YR0047:00036:,9,COMEDORES,SILLAS DE COMEDOR,36.0,
380,YX0105,YX0105:00005:,8,COMEDORES,SILLAS DE COMEDOR,5.0,
381,XA0348,XA0348:00159:,30,ALCOBAS,ARMARIO,159.0,
382,XA0350,XA0350:00159:,3,ALCOBAS,ARMARIO,159.0,
383,XA0351,XA0351:00160:,7,ALCOBAS,ARMARIO,160.0,
384,XA0353,XA0353:00160:,15,ALCOBAS,ARMARIO,160.0,
385,XN0837,XN0837:00046:,55,ALCOBAS,ARMARIO,46.0,
386,XN0838,XN0838:00005:,2,ALCOBAS,ARMARIO,5.0,
387,XR0377,XR0377:00002:,5,ALCOBAS,ARMARIO,2.0,
388,XR0535,XR0535:00004:,4,ALCOBAS,ARMARIO,4.0,
389,XR0536,XR0536:00002:,2,ALCOBAS,ARMARIO,2.0,
390,XY0454,XY0454:00001:,3,ALCOBAS,ARMARIO,1.0,
391,XZ0270,XZ0270:00003:,5,ALCOBAS,ARMARIO,3.0,
392,XZ0271,XZ0271:00002:,35,ALCOBAS,ARMARIO,2.0,
393,XZ0281,XZ0281:00002:,13,ALCOBAS,ARMARIO,2.0,
394,XZ0678,XZ0678:00004:,20,ALCOBAS,ARMARIO,4.0,
395,XZ0680,XZ0680:00004:,18,ALCOBAS,ARMARIO,4.0,
396,XZ0683,XZ0683:00003:,3,ALCOBAS,ARMARIO,3.0,
397,D00002,D00002:00002:,18,ALCOBAS,BASE CAMA DOBLE,2.0,
398,G00044,G00044::,21,ALCOBAS,BASE CAMA DOBLE,,
399,XZ0182,XZ0182:00010:,28,ALCOBAS,BIBLIOTECAS,10.0,
400,XZ0183,XZ0183:00046:,68,ALCOBAS,BIBLIOTECAS,46.0,
401,XZ0184,XZ0184:00010:,14,ALCOBAS,BIBLIOTECAS,10.0,
402,XZ0185,XZ0185:00046:,62,ALCOBAS,BIBLIOTECAS,46.0,
403,XZ0188,XZ0188:00010:,3,ALCOBAS,BIBLIOTECAS,10.0,
404,XZ0189,XZ0189:00046:,10,ALCOBAS,BIBLIOTECAS,46.0,
405,XZ0603,XZ0603:00002:,13,ALCOBAS,BIBLIOTECAS,2.0,
406,XZ0604,XZ0604:00003:,16,ALCOBAS,BIBLIOTECAS,3.0,
407,XZ0605,XZ0605:00004:,34,ALCOBAS,BIBLIOTECAS,4.0,
408,XZ0613,XZ0613:00003:,3,ALCOBAS,BIBLIOTECAS,3.0,
409,XZ0615,XZ0615:00003:,7,ALCOBAS,BIBLIOTECAS,3.0,
410,XZ0616,XZ0616:00002:,14,ALCOBAS,BIBLIOTECAS,2.0,
411,XZ0621,XZ0621:00047:,34,ALCOBAS,BIBLIOTECAS,47.0,
412,XZ0622,XZ0622:00047:,23,ALCOBAS,BIBLIOTECAS,47.0,
413,XZ0623,XZ0623:00002:,13,ALCOBAS,BIBLIOTECAS,2.0,
414,XZ0682,XZ0682:00004:,15,ALCOBAS,BIBLIOTECAS,4.0,
415,XZ0684,XZ0684:00004:,18,ALCOBAS,BIBLIOTECAS,4.0,
416,XZ0692,XZ0692:00072:,18,ALCOBAS,BIBLIOTECAS,72.0,
417,XZ0860,XZ0860:00026:,3,ALCOBAS,BIBLIOTECAS,26.0,
418,XZ0861,XZ0861:00026:,10,ALCOBAS,BIBLIOTECAS,26.0,
419,XZ0886,XZ0886:00015:,7,ALCOBAS,BIBLIOTECAS,15.0,
420,XA0376,XA0376:00123:,6,ALCOBAS,BUTACO,123.0,
421,XZ0186,XZ0186:00010:,93,ALCOBAS,BUTACO,10.0,
422,XZ0187,XZ0187:00046:,122,ALCOBAS,BUTACO,46.0,
423,XZ0190,XZ0190:00010:,95,ALCOBAS,BUTACO,10.0,
424,XZ0191,XZ0191:00046:,127,ALCOBAS,BUTACO,46.0,
425,D00028,D00028:00068:00068,1,ALCOBAS,TAPIZADOS,68.0,68.0
426,D00028,D00028:00103:00103,2,ALCOBAS,TAPIZADOS,103.0,103.0
427,D00101,D00101:00008:00008,5,ALCOBAS,TAPIZADOS,8.0,8.0
428,D00101,D00101:00130:00130,4,ALCOBAS,TAPIZADOS,130.0,130.0
429,D00042,D00042:00157:,1,ALCOBAS,CAMA,157.0,
430,D00055,D00055:00157:,4,ALCOBAS,CAMA,157.0,
431,XA0575,XA0575:00186:,12,ALCOBAS,CAMA,186.0,
432,XA0578,XA0578:00187:,7,ALCOBAS,CAMA,187.0,
433,XR0237,XR0237:00011:,14,ALCOBAS,CAMA,11.0,
434,XR0384,XR0384:00004:,9,ALCOBAS,CAMA,4.0,
435,XR0390,XR0390:00002:,13,ALCOBAS,CAMA,2.0,
436,XR0420,XR0420:00002:,4,ALCOBAS,CAMA,2.0,
437,XR0656,XR0656:00002:,2,ALCOBAS,CAMA,2.0,
438,XR0673,XR0673:00011:,33,ALCOBAS,CAMA,11.0,
439,XR0675,XR0675:00004:,6,ALCOBAS,CAMA,4.0,
440,XR0934,XR0934:00004:,2,ALCOBAS,CAMA,4.0,
441,XY0017,XY0017:00002:,3,ALCOBAS,CAMA,2.0,
442,XY0018,XY0018:00004:,10,ALCOBAS,CAMA,4.0,
443,XY0025,XY0025:00002:,5,ALCOBAS,CAMA,2.0,
444,XY0026,XY0026:00004:,22,ALCOBAS,CAMA,4.0,
445,XY0168,XY0168:00002:,2,ALCOBAS,CAMA,2.0,
446,XY0171,XY0171:00004:,6,ALCOBAS,CAMA,4.0,
447,XY0676,XY0676:00009:,6,ALCOBAS,CAMA,9.0,
448,XY0691,XY0691:00009:,3,ALCOBAS,CAMA,9.0,
449,XY0693,XY0693:00009:,3,ALCOBAS,CAMA,9.0,
450,XY0880,XY0880:00002:,16,ALCOBAS,CAMA,2.0,
451,XY0881,XY0881:00004:,26,ALCOBAS,CAMA,4.0,
452,XY0884,XY0884:00002:,28,ALCOBAS,CAMA,2.0,
453,XY0885,XY0885:00004:,29,ALCOBAS,CAMA,4.0,
454,XZ0124,XZ0124:00101:,25,ALCOBAS,CAMA,101.0,
455,XZ0166,XZ0166:00010:,17,ALCOBAS,CAMA,10.0,
456,XZ0167,XZ0167:00046:,40,ALCOBAS,CAMA,46.0,
457,XZ0168,XZ0168:00010:,25,ALCOBAS,CAMA,10.0,
458,XZ0169,XZ0169:00046:,79,ALCOBAS,CAMA,46.0,
459,YR0073,YR0073:00009:,3,ALCOBAS,CAMA,9.0,
460,XC0076,XC0076::,10,ALCOBAS,CAMA DOBLE,,
461,BR0017,BR0017:00001:,8,ALCOBAS,CAMA SENCILLA,1.0,
462,BR0016,BR0016:00001:,33,ALCOBAS,CAMAROTES,1.0,
463,D00666,D00666:00015:,2,ALCOBAS,CAMAROTES,15.0,
464,XC0079,XC0079::,8,ALCOBAS,CAMAROTES,,
465,G00039,G00039:00030:,41,ALCOBAS,ESCRITORIOS,30.0,
466,G00040,G00040:00030:,70,ALCOBAS,ESCRITORIOS,30.0,
467,G00041,G00041:00007:,4,ALCOBAS,ESCRITORIOS,7.0,
468,G00046,G00046:00030:,40,ALCOBAS,ESCRITORIOS,30.0,
469,XR0911,XR0911:00002:,8,ALCOBAS,ESCRITORIOS,2.0,
470,XY0136,XY0136:00045:,13,ALCOBAS,ESCRITORIOS,45.0,
471,XZ0307,XZ0307:00005:,2,ALCOBAS,ESCRITORIOS,5.0,
472,XZ0789,XZ0789:00005:,7,ALCOBAS,ESCRITORIOS,5.0,
473,BR0036,BR0036::,22,ALCOBAS,MESAS DE NOCHE,,
474,BR0043,BR0043::,16,ALCOBAS,MESAS DE NOCHE,,
475,D00014,D00014:00437:00437,2,ALCOBAS,MESAS DE NOCHE,437.0,437.0
476,D00044,D00044:00157:,1,ALCOBAS,MESAS DE NOCHE,157.0,
477,XA0580,XA0580:00187:,5,ALCOBAS,MESAS DE NOCHE,187.0,
478,XC0077,XC0077::,41,ALCOBAS,MESAS DE NOCHE,,
479,XY0717,XY0717:00009:,10,ALCOBAS,MESAS DE NOCHE,9.0,
480,XY0720,XY0720:00001:,21,ALCOBAS,MESAS DE NOCHE,1.0,
481,XZ0126,XZ0126:00046:,2,ALCOBAS,MESAS DE NOCHE,46.0,
482,XZ0619,XZ0619:00002:,67,ALCOBAS,MESAS DE NOCHE,2.0,
483,XZ0620,XZ0620:00047:,3,ALCOBAS,MESAS DE NOCHE,47.0,
484,XZ0878,XZ0878:00026:,4,ALCOBAS,REPISAS,26.0,
485,XZ0880,XZ0880:00026:,21,ALCOBAS,REPISAS,26.0,
486,K00064,K00064::,2,ALCOBAS,SILLA OFICINA,,
487,XZ0739,XZ0739:00040:,2,ALCOBAS,SILLA OFICINA,40.0,
488,XZ0743,XZ0743:00070:,3,ALCOBAS,SILLA OFICINA,70.0,
489,XZ0745,XZ0745:00070:,3,ALCOBAS,SILLA OFICINA,70.0,
490,XY0021,XY0021:00002:,10,ALCOBAS,TOCADOR,2.0,
491,XY0173,XY0173:00004:,32,ALCOBAS,TOCADOR,4.0,
492,XY0888,XY0888:00002:,4,ALCOBAS,TOCADOR,2.0,
493,BR0038,BR0038::,12,SALAS Y SOFAS,BIFFET,,
494,BR0042,BR0042::,24,SALAS Y SOFAS,BIFFET,,
495,BR0045,BR0045::,21,SALAS Y SOFAS,BIFFET,,
496,XA0699,XA0699:00183:,2,SALAS Y SOFAS,BIFFET,183.0,
497,BR0001,BR0001:00193:,40,SALAS Y SOFAS,CENTROS DE ENTRETENIMIENTO,193.0,
498,BR0019,BR0019:00160:,11,SALAS Y SOFAS,CENTROS DE ENTRETENIMIENTO,160.0,
499,D00135,D00135:00034:,1,SALAS Y SOFAS,CENTROS DE ENTRETENIMIENTO,34.0,
500,XA0667,XA0667:00189:,37,SALAS Y SOFAS,CENTROS DE ENTRETENIMIENTO,189.0,
501,XA0668,XA0668:00189:,38,SALAS Y SOFAS,CENTROS DE ENTRETENIMIENTO,189.0,
502,XY0180,XY0180:00001:,10,SALAS Y SOFAS,COJINES,1.0,
503,Z00198,Z00198::,5,SALAS Y SOFAS,COJINES,,
504,D00202,D00202:00015:,3,SALAS Y SOFAS,COMODAS,15.0,
505,XZ0607,XZ0607:00047:,14,SALAS Y SOFAS,COMODAS,47.0,
506,XY0137,XY0137:00045:,3,SALAS Y SOFAS,ESCRITORIOS,45.0,
507,XA0089,XA0089:00149:,10,SALAS Y SOFAS,MESAS AUXILIARES,149.0,
508,XA0165,XA0165:00139:,9,SALAS Y SOFAS,MESAS AUXILIARES,139.0,
509,XA0174,XA0174:00026:,4,SALAS Y SOFAS,MESAS AUXILIARES,26.0,
510,XA0372,XA0372:00100:,3,SALAS Y SOFAS,MESAS AUXILIARES,100.0,
511,XA0536,XA0536:00065:,2,SALAS Y SOFAS,MESAS AUXILIARES,65.0,
512,XA0582,XA0582:00005:,4,SALAS Y SOFAS,MESAS AUXILIARES,5.0,
513,XA0700,XA0700:00012:,3,SALAS Y SOFAS,MESAS AUXILIARES,12.0,
514,XA0706,XA0706:00005:,3,SALAS Y SOFAS,MESAS AUXILIARES,5.0,
515,XA0728,XA0728:00036:,2,SALAS Y SOFAS,MESAS AUXILIARES,36.0,
516,XC0047,XC0047::,20,SALAS Y SOFAS,MESAS AUXILIARES,,
517,XC0059,XC0059:00046:,1,SALAS Y SOFAS,MESAS AUXILIARES,46.0,
518,XC0113,XC0113::,2,SALAS Y SOFAS,MESAS AUXILIARES,,
519,XR0758,XR0758:00011:,15,SALAS Y SOFAS,MESAS AUXILIARES,11.0,
520,XY0086,XY0086:00005:,4,SALAS Y SOFAS,MESAS AUXILIARES,5.0,
521,XY0097,XY0097:00001:,2,SALAS Y SOFAS,MESAS AUXILIARES,1.0,
522,XY0159,XY0159:00016:,4,SALAS Y SOFAS,MESAS AUXILIARES,16.0,
523,XY0374,XY0374:00002:,6,SALAS Y SOFAS,MESAS AUXILIARES,2.0,
524,XY0832,XY0832:00051:,5,SALAS Y SOFAS,MESAS AUXILIARES,51.0,
525,XY0868,XY0868:00015:,5,SALAS Y SOFAS,MESAS AUXILIARES,15.0,
526,XY0944,XY0944:00002:,11,SALAS Y SOFAS,MESAS AUXILIARES,2.0,
527,XZ0145,XZ0145:00022:,3,SALAS Y SOFAS,MESAS AUXILIARES,22.0,
528,XZ0146,XZ0146:00026:,8,SALAS Y SOFAS,MESAS AUXILIARES,26.0,
529,XZ0232,XZ0232:00026:,4,SALAS Y SOFAS,MESAS AUXILIARES,26.0,
530,XZ0352,XZ0352:00005:,6,SALAS Y SOFAS,MESAS AUXILIARES,5.0,
531,XZ0353,XZ0353:00001:,3,SALAS Y SOFAS,MESAS AUXILIARES,1.0,
532,XZ0541,XZ0541:00026:,3,SALAS Y SOFAS,MESAS AUXILIARES,26.0,
533,XZ0701,XZ0701:00005:,6,SALAS Y SOFAS,MESAS AUXILIARES,5.0,
534,XZ0839,XZ0839:00005:,2,SALAS Y SOFAS,MESAS AUXILIARES,5.0,
535,XZ0840,XZ0840:00001:,3,SALAS Y SOFAS,MESAS AUXILIARES,1.0,
536,BR0033,BR0033:00198:,92,SALAS Y SOFAS,MESAS DE CENTRO,198.0,
537,BR0041,BR0041::,25,SALAS Y SOFAS,MESAS DE CENTRO,,
538,BR0044,BR0044::,16,SALAS Y SOFAS,MESAS DE CENTRO,,
539,XA0086,XA0086:00016:,7,SALAS Y SOFAS,MESAS DE CENTRO,16.0,
540,XA0088,XA0088:00149:,2,SALAS Y SOFAS,MESAS DE CENTRO,149.0,
541,XA0155,XA0155:00044:,3,SALAS Y SOFAS,MESAS DE CENTRO,44.0,
542,XA0167,XA0167:00136:,2,SALAS Y SOFAS,MESAS DE CENTRO,136.0,
543,XA0169,XA0169:00005:,8,SALAS Y SOFAS,MESAS DE CENTRO,5.0,
544,XA0169,XA0169:00035:,1,SALAS Y SOFAS,MESAS DE CENTRO,35.0,
545,XA0177,XA0177:00026:,4,SALAS Y SOFAS,MESAS DE CENTRO,26.0,
546,XA0253,XA0253:00167:,16,SALAS Y SOFAS,MESAS DE CENTRO,167.0,
547,XA0275,XA0275:00112:,4,SALAS Y SOFAS,MESAS DE CENTRO,112.0,
548,XA0414,XA0414:00026:,4,SALAS Y SOFAS,MESAS DE CENTRO,26.0,
549,XA0419,XA0419:00046:,9,SALAS Y SOFAS,MESAS DE CENTRO,46.0,
550,XA0420,XA0420:00184:,5,SALAS Y SOFAS,MESAS DE CENTRO,184.0,
551,XA0535,XA0535:00065:,6,SALAS Y SOFAS,MESAS DE CENTRO,65.0,
552,XA0546,XA0546:00001:,4,SALAS Y SOFAS,MESAS DE CENTRO,1.0,
553,XA0572,XA0572:00188:,2,SALAS Y SOFAS,MESAS DE CENTRO,188.0,
554,XA0581,XA0581:00009:,3,SALAS Y SOFAS,MESAS DE CENTRO,9.0,
555,XA0666,XA0666:00189:,9,SALAS Y SOFAS,MESAS DE CENTRO,189.0,
556,XA0713,XA0713:00028:,65,SALAS Y SOFAS,MESAS DE CENTRO,28.0,
557,XA0729,XA0729:00036:,2,SALAS Y SOFAS,MESAS DE CENTRO,36.0,
558,XA0755,XA0755:00077:,6,SALAS Y SOFAS,MESAS DE CENTRO,77.0,
559,XA0807,XA0807:00001:,1,SALAS Y SOFAS,MESAS DE CENTRO,1.0,
560,XA0816,XA0816:00051:,11,SALAS Y SOFAS,MESAS DE CENTRO,51.0,
561,XA0817,XA0817:00051:,4,SALAS Y SOFAS,MESAS DE CENTRO,51.0,
562,XC0039,XC0039:00029:,1,SALAS Y SOFAS,MESAS DE CENTRO,29.0,
563,XC0112,XC0112::,4,SALAS Y SOFAS,MESAS DE CENTRO,,
564,XR0986,XR0986:00016:,9,SALAS Y SOFAS,MESAS DE CENTRO,16.0,
565,XY0079,XY0079:00002:,5,SALAS Y SOFAS,MESAS DE CENTRO,2.0,
566,XY0085,XY0085:00005:,3,SALAS Y SOFAS,MESAS DE CENTRO,5.0,
567,XY0087,XY0087:00005:,4,SALAS Y SOFAS,MESAS DE CENTRO,5.0,
568,XY0089,XY0089:00005:,10,SALAS Y SOFAS,MESAS DE CENTRO,5.0,
569,XY0198,XY0198:00005:,10,SALAS Y SOFAS,MESAS DE CENTRO,5.0,
570,XY0221,XY0221:00026:,4,SALAS Y SOFAS,MESAS DE CENTRO,26.0,
571,XY0223,XY0223:00005:,4,SALAS Y SOFAS,MESAS DE CENTRO,5.0,
572,XY0341,XY0341:00018:,9,SALAS Y SOFAS,MESAS DE CENTRO,18.0,
573,XY0345,XY0345:00026:,3,SALAS Y SOFAS,MESAS DE CENTRO,26.0,
574,XY0349,XY0349:00016:,2,SALAS Y SOFAS,MESAS DE CENTRO,16.0,
575,XY0357,XY0357:00035:,2,SALAS Y SOFAS,MESAS DE CENTRO,35.0,
576,XY0426,XY0426:00100:,3,SALAS Y SOFAS,MESAS DE CENTRO,100.0,
577,XY0441,XY0441:00023:,3,SALAS Y SOFAS,MESAS DE CENTRO,23.0,
578,XY0483,XY0483:00004:,7,SALAS Y SOFAS,MESAS DE CENTRO,4.0,
579,XY0529,XY0529:00005:,10,SALAS Y SOFAS,MESAS DE CENTRO,5.0,
580,XY0955,XY0955:00005:,5,SALAS Y SOFAS,MESAS DE CENTRO,5.0,
581,XY0957,XY0957:00005:,4,SALAS Y SOFAS,MESAS DE CENTRO,5.0,
582,XY0993,XY0993:00005:,2,SALAS Y SOFAS,MESAS DE CENTRO,5.0,
583,XZ0007,XZ0007:00035:,2,SALAS Y SOFAS,MESAS DE CENTRO,35.0,
584,XZ0042,XZ0042:00009:,3,SALAS Y SOFAS,MESAS DE CENTRO,9.0,
585,XZ0045,XZ0045:00022:,5,SALAS Y SOFAS,MESAS DE CENTRO,22.0,
586,XZ0047,XZ0047:00026:,10,SALAS Y SOFAS,MESAS DE CENTRO,26.0,
587,XZ0093,XZ0093:00036:,14,SALAS Y SOFAS,MESAS DE CENTRO,36.0,
588,XZ0096,XZ0096:00036:,12,SALAS Y SOFAS,MESAS DE CENTRO,36.0,
589,XZ0159,XZ0159:00027:,12,SALAS Y SOFAS,MESAS DE CENTRO,27.0,
590,XZ0161,XZ0161:00005:,3,SALAS Y SOFAS,MESAS DE CENTRO,5.0,
591,XZ0245,XZ0245:00012:,6,SALAS Y SOFAS,MESAS DE CENTRO,12.0,
592,XZ0250,XZ0250:00002:,2,SALAS Y SOFAS,MESAS DE CENTRO,2.0,
593,XZ0268,XZ0268:00001:,7,SALAS Y SOFAS,MESAS DE CENTRO,1.0,
594,XZ0269,XZ0269:00005:,1,SALAS Y SOFAS,MESAS DE CENTRO,5.0,
595,XZ0274,XZ0274:00002:,7,SALAS Y SOFAS,MESAS DE CENTRO,2.0,
596,XZ0320,XZ0320:00002:,6,SALAS Y SOFAS,MESAS DE CENTRO,2.0,
597,XZ0491,XZ0491:00005:,8,SALAS Y SOFAS,MESAS DE CENTRO,5.0,
598,XZ0494,XZ0494:00005:,3,SALAS Y SOFAS,MESAS DE CENTRO,5.0,
599,XZ0531,XZ0531:00009:,2,SALAS Y SOFAS,MESAS DE CENTRO,9.0,
600,XZ0551,XZ0551:00005:,4,SALAS Y SOFAS,MESAS DE CENTRO,5.0,
601,XZ0592,XZ0592:00005:,3,SALAS Y SOFAS,MESAS DE CENTRO,5.0,
602,XZ0601,XZ0601:00005:,2,SALAS Y SOFAS,MESAS DE CENTRO,5.0,
603,XZ0657,XZ0657:00001:,9,SALAS Y SOFAS,MESAS DE CENTRO,1.0,
604,XZ0712,XZ0712:00009:,6,SALAS Y SOFAS,MESAS DE CENTRO,9.0,
605,XZ0721,XZ0721:00005:,4,SALAS Y SOFAS,MESAS DE CENTRO,5.0,
606,XZ0799,XZ0799:00001:,3,SALAS Y SOFAS,MESAS DE CENTRO,1.0,
607,XZ0819,XZ0819:00111:,3,SALAS Y SOFAS,MESAS DE CENTRO,111.0,
608,XZ0829,XZ0829:00005:,3,SALAS Y SOFAS,MESAS DE CENTRO,5.0,
609,XZ0830,XZ0830:00001:,2,SALAS Y SOFAS,MESAS DE CENTRO,1.0,
610,XZ0831,XZ0831:00024:,14,SALAS Y SOFAS,MESAS DE CENTRO,24.0,
611,XZ0832,XZ0832:00005:,2,SALAS Y SOFAS,MESAS DE CENTRO,5.0,
612,XZ0835,XZ0835:00005:,6,SALAS Y SOFAS,MESAS DE CENTRO,5.0,
613,XZ0838,XZ0838:00001:,5,SALAS Y SOFAS,MESAS DE CENTRO,1.0,
614,XZ0841,XZ0841:00006:,6,SALAS Y SOFAS,MESAS DE CENTRO,6.0,
615,XZ0888,XZ0888:00001:,2,SALAS Y SOFAS,MESAS DE CENTRO,1.0,
616,XZ0889,XZ0889:00005:,5,SALAS Y SOFAS,MESAS DE CENTRO,5.0,
617,XZ0901,XZ0901:00009:,5,SALAS Y SOFAS,MESAS DE CENTRO,9.0,
618,XZ0917,XZ0917:00005:,17,SALAS Y SOFAS,MESAS DE CENTRO,5.0,
619,XZ0931,XZ0931:00136:,6,SALAS Y SOFAS,MESAS DE CENTRO,136.0,
620,XZ0932,XZ0932:00138:,3,SALAS Y SOFAS,MESAS DE CENTRO,138.0,
621,XZ0933,XZ0933:00139:,31,SALAS Y SOFAS,MESAS DE CENTRO,139.0,
622,XZ0934,XZ0934:00137:,4,SALAS Y SOFAS,MESAS DE CENTRO,137.0,
623,XZ0937,XZ0937:00123:,4,SALAS Y SOFAS,MESAS DE CENTRO,123.0,
624,XZ0943,XZ0943:00122:,1,SALAS Y SOFAS,MESAS DE CENTRO,122.0,
625,XZ0946,XZ0946:00026:,7,SALAS Y SOFAS,MESAS DE CENTRO,26.0,
626,XZ0947,XZ0947:00076:,5,SALAS Y SOFAS,MESAS DE CENTRO,76.0,
627,XZ0949,XZ0949:00026:,3,SALAS Y SOFAS,MESAS DE CENTRO,26.0,
628,XZ0996,XZ0996:00100:,3,SALAS Y SOFAS,MESAS DE CENTRO,100.0,
629,YX0090,YX0090:00009:,5,SALAS Y SOFAS,MESAS DE CENTRO,9.0,
630,XY0092,XY0092:00005:,6,SALAS Y SOFAS,MESAS DE 4P,5.0,
631,XA0684,XA0684:00005:,2,SALAS Y SOFAS,MODULARES,5.0,
632,XA0709,XA0709:00092:,4,SALAS Y SOFAS,MODULARES,92.0,
633,BR0013,BR0013:00194:,28,SALAS Y SOFAS,MESA TV,194.0,
634,BR0015,BR0015:00193:,28,SALAS Y SOFAS,MESA TV,193.0,
635,XA0091,XA0091:00149:,4,SALAS Y SOFAS,MESA TV,149.0,
636,XA0183,XA0183:00007:,17,SALAS Y SOFAS,MESA TV,7.0,
637,XR0670,XR0670:00011:,7,SALAS Y SOFAS,MESA TV,11.0,
638,XR0756,XR0756:00026:,2,SALAS Y SOFAS,MESA TV,26.0,
639,XY0220,XY0220:00005:,4,SALAS Y SOFAS,MESA TV,5.0,
640,XY0352,XY0352:00005:,2,SALAS Y SOFAS,MESA TV,5.0,
641,XY0478,XY0478:00001:,5,SALAS Y SOFAS,MESA TV,1.0,
642,XY0827,XY0827:00002:,2,SALAS Y SOFAS,MESA TV,2.0,
643,XY0831,XY0831:00046:,2,SALAS Y SOFAS,MESA TV,46.0,
644,XY0873,XY0873:00015:,3,SALAS Y SOFAS,MESA TV,15.0,
645,XY0877,XY0877:00068:,3,SALAS Y SOFAS,MESA TV,68.0,
646,XZ0446,XZ0446:00006:,3,SALAS Y SOFAS,MESA TV,6.0,
647,XZ0495,XZ0495:00007:,6,SALAS Y SOFAS,MESA TV,7.0,
648,XZ0658,XZ0658:00015:,10,SALAS Y SOFAS,MESA TV,15.0,
649,XZ0700,XZ0700:00026:,13,SALAS Y SOFAS,MESA TV,26.0,
650,XZ0702,XZ0702:00005:,19,SALAS Y SOFAS,MESA TV,5.0,
651,XZ0869,XZ0869:00044:,6,SALAS Y SOFAS,MESA TV,44.0,
652,XZ0951,XZ0951:00044:,4,SALAS Y SOFAS,MESA TV,44.0,
653,D00904,D00904:00396:00396,3,SALAS Y SOFAS,POLTRONAS,396.0,396.0
654,D01318,D01318:00115:00115,2,SALAS Y SOFAS,POLTRONAS,115.0,115.0
655,D01318,D01318:00382:00382,1,SALAS Y SOFAS,POLTRONAS,382.0,382.0
656,XC0132,XC0132::,1,SALAS Y SOFAS,POLTRONAS,,
657,XC0134,XC0134::,2,SALAS Y SOFAS,POLTRONAS,,
658,XC0136,XC0136::,1,SALAS Y SOFAS,POLTRONAS,,
659,XC0138,XC0138::,4,SALAS Y SOFAS,POLTRONAS,,
660,XC0139,XC0139::,2,SALAS Y SOFAS,POLTRONAS,,
661,D00976,D00976:00070:00070,1,SALAS Y SOFAS,PUFF,70.0,70.0
662,D00976,D00976:00133:00133,1,SALAS Y SOFAS,PUFF,133.0,133.0
663,XA0423,XA0423:00024:,6,SALAS Y SOFAS,PUFF,24.0,
664,XA0425,XA0425:00050:,3,SALAS Y SOFAS,PUFF,50.0,
665,XA0426,XA0426:00005:,4,SALAS Y SOFAS,PUFF,5.0,
666,XA0427,XA0427:00024:,14,SALAS Y SOFAS,PUFF,24.0,
667,XA0428,XA0428:00050:,10,SALAS Y SOFAS,PUFF,50.0,
668,XA0431,XA0431:00005:,6,SALAS Y SOFAS,PUFF,5.0,
669,XA0434,XA0434:00050:,2,SALAS Y SOFAS,PUFF,50.0,
670,XA0436,XA0436:00024:,2,SALAS Y SOFAS,PUFF,24.0,
671,XA0437,XA0437:00005:,3,SALAS Y SOFAS,PUFF,5.0,
672,XA0438,XA0438:00050:,3,SALAS Y SOFAS,PUFF,50.0,
673,XA0447,XA0447:00050:,5,SALAS Y SOFAS,PUFF,50.0,
674,XA0448,XA0448:00009:,6,SALAS Y SOFAS,PUFF,9.0,
675,XA0450,XA0450:00005:,4,SALAS Y SOFAS,PUFF,5.0,
676,XA0804,XA0804:00046:,11,SALAS Y SOFAS,PUFF,46.0,
677,XC0071,XC0071:00046:,1,SALAS Y SOFAS,PUFF,46.0,
678,XC0075,XC0075:00009:,3,SALAS Y SOFAS,PUFF,9.0,
679,XC0107,XC0107::,11,SALAS Y SOFAS,PUFF,,
680,XC0108,XC0108::,27,SALAS Y SOFAS,PUFF,,
681,XC0109,XC0109::,24,SALAS Y SOFAS,PUFF,,
682,XR0280,XR0280:00005:,44,SALAS Y SOFAS,PUFF,5.0,
683,XZ0406,XZ0406:00005:,6,SALAS Y SOFAS,PUFF,5.0,
684,YR0069,YR0069:00024:,4,SALAS Y SOFAS,PUFF,24.0,
685,XA0192,XA0192:00001:,2,SALAS Y SOFAS,RECLINABLES 1P,1.0,
686,XA0292,XA0292:00005:,3,SALAS Y SOFAS,RECLINABLES 1P,5.0,
687,XA0293,XA0293:00001:,7,SALAS Y SOFAS,RECLINABLES 1P,1.0,
688,XA0342,XA0342:00009:,1,SALAS Y SOFAS,RECLINABLES 1P,9.0,
689,XA0345,XA0345:00009:,50,SALAS Y SOFAS,RECLINABLES 1P,9.0,
690,XA0671,XA0671:00005:,3,SALAS Y SOFAS,RECLINABLES 1P,5.0,
691,XA0701,XA0701:00009:,3,SALAS Y SOFAS,RECLINABLES 1P,9.0,
692,XA0746,XA0746:00023:,116,SALAS Y SOFAS,RECLINABLES 1P,23.0,
693,XC0001,XC0001:00009:,7,SALAS Y SOFAS,RECLINABLES 1P,9.0,
694,XC0002,XC0002:00029:,14,SALAS Y SOFAS,RECLINABLES 1P,29.0,
695,XC0032,XC0032:00005:,19,SALAS Y SOFAS,RECLINABLES 1P,5.0,
696,XC0033,XC0033:00001:,12,SALAS Y SOFAS,RECLINABLES 1P,1.0,
697,XN0765,XN0765:00009:,3,SALAS Y SOFAS,RECLINABLES 1P,9.0,
698,XY0028,XY0028:00009:,3,SALAS Y SOFAS,RECLINABLES 1P,9.0,
699,XY0335,XY0335:00001:,3,SALAS Y SOFAS,RECLINABLES 1P,1.0,
700,XA0343,XA0343:00009:,25,SALAS Y SOFAS,RECLINABLES 2P,9.0,
701,XC0018,XC0018:00092:,8,SALAS Y SOFAS,RECLINABLES 2P,92.0,
702,XC0020,XC0020:00118:,1,SALAS Y SOFAS,RECLINABLES 2P,118.0,
703,XC0114,XC0114::,15,SALAS Y SOFAS,RECLINABLES 2P,,
704,XC0116,XC0116::,13,SALAS Y SOFAS,RECLINABLES 2P,,
705,XC0017,XC0017:00092:,1,SALAS Y SOFAS,RECLINABLES 3P,92.0,
706,XC0115,XC0115::,14,SALAS Y SOFAS,RECLINABLES 3P,,
707,XC0117,XC0117::,15,SALAS Y SOFAS,RECLINABLES 3P,,
708,XC0022,XC0022:00005:,12,SALAS Y SOFAS,RECLINABLES EN L,5.0,
709,XC0110,XC0110:00009:,1,SALAS Y SOFAS,RECLINABLES EN L,9.0,
710,XC0110-1,XC0110-1:00009:,9,SALAS Y SOFAS,RECLINABLES EN L,9.0,
711,XA0195,XA0195:00001:,6,SALAS Y SOFAS,RECLINABLES,1.0,
712,XA0197,XA0197:00009:,13,SALAS Y SOFAS,RECLINABLES,9.0,
713,XA0198,XA0198:00001:,6,SALAS Y SOFAS,RECLINABLES,1.0,
714,XA0284,XA0284:00069:,5,SALAS Y SOFAS,RECLINABLES,69.0,
715,XA0340,XA0340:00029:,27,SALAS Y SOFAS,RECLINABLES,29.0,
716,XA0341,XA0341:00029:,12,SALAS Y SOFAS,RECLINABLES,29.0,
717,XA0344,XA0344:00009:,11,SALAS Y SOFAS,RECLINABLES,9.0,
718,XA0346,XA0346:00009:,70,SALAS Y SOFAS,RECLINABLES,9.0,
719,XA0347,XA0347:00009:,62,SALAS Y SOFAS,RECLINABLES,9.0,
720,XA0529,XA0529:00009:,1,SALAS Y SOFAS,RECLINABLES,9.0,
721,XA0680,XA0680:00005:,1,SALAS Y SOFAS,RECLINABLES,5.0,
722,XA0714,XA0714:00036:,3,SALAS Y SOFAS,RECLINABLES,36.0,
723,XA0748,XA0748:00092:,1,SALAS Y SOFAS,RECLINABLES,92.0,
724,XA0751,XA0751:00118:,2,SALAS Y SOFAS,RECLINABLES,118.0,
725,XC0005,XC0005:00029:,44,SALAS Y SOFAS,RECLINABLES,29.0,
726,XC0007,XC0007:00005:,5,SALAS Y SOFAS,RECLINABLES,5.0,
727,XC0008,XC0008:00005:,1,SALAS Y SOFAS,RECLINABLES,5.0,
728,XC0011,XC0011:00009:,12,SALAS Y SOFAS,RECLINABLES,9.0,
729,XC0015,XC0015:00009:,1,SALAS Y SOFAS,RECLINABLES,9.0,
730,XZ0498,XZ0498:00009:,2,SALAS Y SOFAS,RECLINABLES,9.0,
731,XZ0758,XZ0758:00036:,2,SALAS Y SOFAS,RECLINABLES,36.0,
732,XA0051,XA0051:00029:,2,SALAS Y SOFAS,SILLAS AUXILIARES,29.0,
733,XA0302,XA0302:00029:,3,SALAS Y SOFAS,SILLAS AUXILIARES,29.0,
734,XA0303,XA0303:00024:,3,SALAS Y SOFAS,SILLAS AUXILIARES,24.0,
735,XA0377,XA0377:00123:,2,SALAS Y SOFAS,SILLAS AUXILIARES,123.0,
736,XA0393,XA0393:00009:,11,SALAS Y SOFAS,SILLAS AUXILIARES,9.0,
737,XA0395,XA0395:00046:,135,SALAS Y SOFAS,SILLAS AUXILIARES,46.0,
738,XA0396,XA0396:00108:,129,SALAS Y SOFAS,SILLAS AUXILIARES,108.0,
739,XA0397,XA0397:00118:,73,SALAS Y SOFAS,SILLAS AUXILIARES,118.0,
740,XA0442,XA0442:00024:,2,SALAS Y SOFAS,SILLAS AUXILIARES,24.0,
741,XA0443,XA0443:00005:,3,SALAS Y SOFAS,SILLAS AUXILIARES,5.0,
742,XA0444,XA0444:00050:,3,SALAS Y SOFAS,SILLAS AUXILIARES,50.0,
743,XA0445,XA0445:00024:,3,SALAS Y SOFAS,SILLAS AUXILIARES,24.0,
744,XA0740,XA0740:00046:,5,SALAS Y SOFAS,SILLAS AUXILIARES,46.0,
745,XA0793,XA0793:00001:,2,SALAS Y SOFAS,SILLAS AUXILIARES,1.0,
746,XA0795,XA0795:00046:,28,SALAS Y SOFAS,SILLAS AUXILIARES,46.0,
747,XA0796,XA0796:00108:,17,SALAS Y SOFAS,SILLAS AUXILIARES,108.0,
748,XA0797,XA0797:00009:,40,SALAS Y SOFAS,SILLAS AUXILIARES,9.0,
749,XC0073,XC0073:00201:,2,SALAS Y SOFAS,SILLAS AUXILIARES,201.0,
750,XN0571,XN0571:00009:,2,SALAS Y SOFAS,SILLAS AUXILIARES,9.0,
751,XR0211,XR0211:00036:,5,SALAS Y SOFAS,SILLAS AUXILIARES,36.0,
752,XR0219,XR0219:00024:,15,SALAS Y SOFAS,SILLAS AUXILIARES,24.0,
753,XR0230,XR0230:00005:,2,SALAS Y SOFAS,SILLAS AUXILIARES,5.0,
754,XR0231,XR0231:00024:,2,SALAS Y SOFAS,SILLAS AUXILIARES,24.0,
755,XR0232,XR0232:00001:,2,SALAS Y SOFAS,SILLAS AUXILIARES,1.0,
756,XY0264,XY0264:00030:,2,SALAS Y SOFAS,SILLAS AUXILIARES,30.0,
757,XY0326,XY0326:00001:,2,SALAS Y SOFAS,SILLAS AUXILIARES,1.0,
758,XY0381,XY0381:00030:,2,SALAS Y SOFAS,SILLAS AUXILIARES,30.0,
759,XZ0037,XZ0037:00005:,5,SALAS Y SOFAS,SILLAS AUXILIARES,5.0,
760,XZ0265,XZ0265:00005:,103,SALAS Y SOFAS,SILLAS AUXILIARES,5.0,
761,XZ0266,XZ0266:00046:,66,SALAS Y SOFAS,SILLAS AUXILIARES,46.0,
762,XZ0347,XZ0347:00034:,3,SALAS Y SOFAS,SILLAS AUXILIARES,34.0,
763,XZ0349,XZ0349:00043:,7,SALAS Y SOFAS,SILLAS AUXILIARES,43.0,
764,XZ0360,XZ0360:00009:,6,SALAS Y SOFAS,SILLAS AUXILIARES,9.0,
765,XZ0394,XZ0394:00009:,4,SALAS Y SOFAS,SILLAS AUXILIARES,9.0,
766,XZ0405,XZ0405:00036:,5,SALAS Y SOFAS,SILLAS AUXILIARES,36.0,
767,XZ0413,XZ0413:00029:,2,SALAS Y SOFAS,SILLAS AUXILIARES,29.0,
768,XZ0416,XZ0416:00005:,3,SALAS Y SOFAS,SILLAS AUXILIARES,5.0,
769,XZ0420,XZ0420:00058:,26,SALAS Y SOFAS,SILLAS AUXILIARES,58.0,
770,XZ0421,XZ0421:00012:,2,SALAS Y SOFAS,SILLAS AUXILIARES,12.0,
771,XZ0423,XZ0423:00034:,12,SALAS Y SOFAS,SILLAS AUXILIARES,34.0,
772,XZ0439,XZ0439:00040:,2,SALAS Y SOFAS,SILLAS AUXILIARES,40.0,
773,XZ0855,XZ0855:00029:,6,SALAS Y SOFAS,SILLAS AUXILIARES,29.0,
774,XZ0859,XZ0859:00046:,3,SALAS Y SOFAS,SILLAS AUXILIARES,46.0,
775,XZ0972,XZ0972:00024:,3,SALAS Y SOFAS,SILLAS AUXILIARES,24.0,
776,XA0754,XA0754:00009:,6,SALAS Y SOFAS,SALA EN L,9.0,
777,XA0808,XA0808:00009:,10,SALAS Y SOFAS,SALA EN L,9.0,
778,XC0092,XC0092::,2,SALAS Y SOFAS,SALA EN L,,
779,XC0095,XC0095::,11,SALAS Y SOFAS,SALA EN L,,
780,XC0097,XC0097::,10,SALAS Y SOFAS,SALA EN L,,
781,XZ0636,XZ0636:00005:,2,SALAS Y SOFAS,SALA EN L,5.0,
782,D00040,D00040:00071:00071,1,SALAS Y SOFAS,SOFA CAMA ABATIBLE,71.0,71.0
783,D00538,D00538:00188:00188,4,SALAS Y SOFAS,SOFA CAMA ABATIBLE,188.0,188.0
784,D00935,D00935:00048:00048,1,SALAS Y SOFAS,SOFA CAMA ABATIBLE,48.0,48.0
785,D00935,D00935:00051:00051,1,SALAS Y SOFAS,SOFA CAMA ABATIBLE,51.0,51.0
786,D00527,D00527:00075:00075,1,SALAS Y SOFAS,SOFA CAMA EN L,75.0,75.0
787,D00147,D00147:00002:,1,SALAS Y SOFAS,SILLAS DE OFICINA,2.0,
788,XA0020,XA0020:00009:,3,SALAS Y SOFAS,SALA IMPORTADA,9.0,
789,XR0922,XR0922:00009:,8,SALAS Y SOFAS,SALA IMPORTADA,9.0,
790,XZ0328,XZ0328:00036:,2,SALAS Y SOFAS,SALA IMPORTADA,36.0,
791,XZ0753,XZ0753:00031:,2,SALAS Y SOFAS,SALA IMPORTADA,31.0,
792,XZ0782,XZ0782:00005:,7,SALAS Y SOFAS,SALA IMPORTADA,5.0,
793,XZ0782,XZ0782:00009:,2,SALAS Y SOFAS,SALA IMPORTADA,9.0,
794,XZ0782,XZ0782:00029:,1,SALAS Y SOFAS,SALA IMPORTADA,29.0,
795,D00038,D00038:00433:00433,1,SALAS Y SOFAS,SOFA 2P,433.0,433.0
796,D00038,D00038:00436:00436,1,SALAS Y SOFAS,SOFA 2P,436.0,436.0
797,D00050,D00050:00106:00106,2,SALAS Y SOFAS,SOFA 2P,106.0,106.0
798,D00050,D00050:00172:00172,3,SALAS Y SOFAS,SOFA 2P,172.0,172.0
799,D00050,D00050:00173:00173,8,SALAS Y SOFAS,SOFA 2P,173.0,173.0
800,D00050,D00050:00174:00174,1,SALAS Y SOFAS,SOFA 2P,174.0,174.0
801,D00050,D00050:00184:00184,2,SALAS Y SOFAS,SOFA 2P,184.0,184.0
802,D00069,D00069:00013:00013,1,SALAS Y SOFAS,SOFA 2P,13.0,13.0
803,D00069,D00069:00068:00068,2,SALAS Y SOFAS,SOFA 2P,68.0,68.0
804,D00069,D00069:00069:00069,1,SALAS Y SOFAS,SOFA 2P,69.0,69.0
805,D00069,D00069:00146:00146,1,SALAS Y SOFAS,SOFA 2P,146.0,146.0
806,D00069,D00069:00147:00147,1,SALAS Y SOFAS,SOFA 2P,147.0,147.0
807,D00529,D00529:00194:00194,2,SALAS Y SOFAS,SOFA 2P,194.0,194.0
808,D00534,D00534:00067:00067,1,SALAS Y SOFAS,SOFA 2P,67.0,67.0
809,D00534,D00534:00132:00132,1,SALAS Y SOFAS,SOFA 2P,132.0,132.0
810,D00544,D00544:00058:00058,4,SALAS Y SOFAS,SOFA 2P,58.0,58.0
811,D00544,D00544:00062:00062,2,SALAS Y SOFAS,SOFA 2P,62.0,62.0
812,D00549,D00549:00404:00404,8,SALAS Y SOFAS,SOFA 2P,404.0,404.0
813,D00914,D00914:00141:00141,2,SALAS Y SOFAS,SOFA 2P,141.0,141.0
814,D00914,D00914:00146:00146,1,SALAS Y SOFAS,SOFA 2P,146.0,146.0
815,D00914,D00914:00147:00147,1,SALAS Y SOFAS,SOFA 2P,147.0,147.0
816,D00981,D00981:00067:00067,1,SALAS Y SOFAS,SOFA 2P,67.0,67.0
817,D00981,D00981:00132:00132,1,SALAS Y SOFAS,SOFA 2P,132.0,132.0
818,D00986,D00986:00061:00061,3,SALAS Y SOFAS,SOFA 2P,61.0,61.0
819,D00986,D00986:00081:00081,1,SALAS Y SOFAS,SOFA 2P,81.0,81.0
820,D01166,D01166:00072:00072,3,SALAS Y SOFAS,SOFA 2P,72.0,72.0
821,D01166,D01166:00074:00074,1,SALAS Y SOFAS,SOFA 2P,74.0,74.0
822,D01306,D01306:00074:00074,1,SALAS Y SOFAS,SOFA 2P,74.0,74.0
823,D01306,D01306:00075:00075,1,SALAS Y SOFAS,SOFA 2P,75.0,75.0
824,D01655,D01655:00130:00129,1,SALAS Y SOFAS,SOFA 2P,130.0,129.0
825,D01655,D01655:00130:00130,2,SALAS Y SOFAS,SOFA 2P,130.0,130.0
826,H01024,H01024:00068:00068,1,SALAS Y SOFAS,SOFA 2P,68.0,68.0
827,H01024,H01024:00145:00145,4,SALAS Y SOFAS,SOFA 2P,145.0,145.0
828,H01024,H01024:00196:00196,2,SALAS Y SOFAS,SOFA 2P,196.0,196.0
829,H01024,H01024:00213:00213,1,SALAS Y SOFAS,SOFA 2P,213.0,213.0
830,XA0100-2,XA0100-2:00005:,3,SALAS Y SOFAS,SOFA 2P,5.0,
831,XA0564,XA0564:00009:,18,SALAS Y SOFAS,SOFA 2P,9.0,
832,XA0565,XA0565:00082:,8,SALAS Y SOFAS,SOFA 2P,82.0,
833,XC0088-2,XC0088-2:00009:,6,SALAS Y SOFAS,SOFA 2P,9.0,
834,XC0089-2,XC0089-2:00029:,7,SALAS Y SOFAS,SOFA 2P,29.0,
835,XC0090-2,XC0090-2:00001:,2,SALAS Y SOFAS,SOFA 2P,1.0,
836,XC0098,XC0098:00029:,8,SALAS Y SOFAS,SOFA 2P,29.0,
837,XC0099,XC0099:00046:,6,SALAS Y SOFAS,SOFA 2P,46.0,
838,XC0101,XC0101:00046:,1,SALAS Y SOFAS,SOFA 2P,46.0,
839,XC0141,XC0141::,1,SALAS Y SOFAS,SOFA 2P,,
840,XC0142,XC0142::,1,SALAS Y SOFAS,SOFA 2P,,
841,XZ0295,XZ0295:00005:,3,SALAS Y SOFAS,SOFA 2P,5.0,
842,D00039,D00039:00436:00436,1,SALAS Y SOFAS,SOFA 3P,436.0,436.0
843,D00051,D00051:00172:00172,4,SALAS Y SOFAS,SOFA 3P,172.0,172.0
844,D00051,D00051:00173:00173,6,SALAS Y SOFAS,SOFA 3P,173.0,173.0
845,D00070,D00070:00013:00013,1,SALAS Y SOFAS,SOFA 3P,13.0,13.0
846,D00070,D00070:00128:00128,1,SALAS Y SOFAS,SOFA 3P,128.0,128.0
847,D00070,D00070:00146:00146,1,SALAS Y SOFAS,SOFA 3P,146.0,146.0
848,D00530,D00530:00154:00154,3,SALAS Y SOFAS,SOFA 3P,154.0,154.0
849,D00545,D00545:00067:00067,1,SALAS Y SOFAS,SOFA 3P,67.0,67.0
850,D00545,D00545:00213:00213,1,SALAS Y SOFAS,SOFA 3P,213.0,213.0
851,D00547,D00547:00061:00061,10,SALAS Y SOFAS,SOFA 3P,61.0,61.0
852,D00547,D00547:00197:00197,3,SALAS Y SOFAS,SOFA 3P,197.0,197.0
853,D00548,D00548:00061:00061,12,SALAS Y SOFAS,SOFA 3P,61.0,61.0
854,D00548,D00548:00197:00197,3,SALAS Y SOFAS,SOFA 3P,197.0,197.0
855,D00550,D00550:00406:00406,1,SALAS Y SOFAS,SOFA 3P,406.0,406.0
856,D00915,D00915:00008:00008,1,SALAS Y SOFAS,SOFA 3P,8.0,8.0
857,D00915,D00915:00141:00141,3,SALAS Y SOFAS,SOFA 3P,141.0,141.0
858,D00915,D00915:00147:00147,2,SALAS Y SOFAS,SOFA 3P,147.0,147.0
859,D00985,D00985:00061:00061,6,SALAS Y SOFAS,SOFA 3P,61.0,61.0
860,D00985,D00985:00071:00071,1,SALAS Y SOFAS,SOFA 3P,71.0,71.0
861,D01656,D01656:00129:00129,3,SALAS Y SOFAS,SOFA 3P,129.0,129.0
862,H01025,H01025:00213:00213,1,SALAS Y SOFAS,SOFA 3P,213.0,213.0
863,XA0502,XA0502:00009:,1,SALAS Y SOFAS,SOFA 3P,9.0,
864,XC0088-3,XC0088-3:00009:,1,SALAS Y SOFAS,SOFA 3P,9.0,
865,XC0089-3,XC0089-3:00029:,7,SALAS Y SOFAS,SOFA 3P,29.0,
866,XC0090-3,XC0090-3:00001:,2,SALAS Y SOFAS,SOFA 3P,1.0,
867,XZ0290,XZ0290:00043:,2,SALAS Y SOFAS,SOFA 3P,43.0,
868,XA0228,XA0228:00001:,4,SALAS Y SOFAS,SOFACAMAS,1.0,
869,XC0036,XC0036:00029:,8,SALAS Y SOFAS,SOFACAMAS,29.0,
870,XC0080,XC0080:00029:,62,SALAS Y SOFAS,SOFACAMAS,29.0,
871,XC0081,XC0081:00108:,65,SALAS Y SOFAS,SOFACAMAS,108.0,
872,XC0082,XC0082:00029:,25,SALAS Y SOFAS,SOFACAMAS,29.0,
873,XC0083,XC0083:00046:,2,SALAS Y SOFAS,SOFACAMAS,46.0,
874,XC0085,XC0085:00009:,22,SALAS Y SOFAS,SOFACAMAS,9.0,
875,XZ0064,XZ0064:00005:,4,SALAS Y SOFAS,SOFACAMAS,5.0,
876,XZ0081,XZ0081:00069:,4,SALAS Y SOFAS,SOFACAMAS,69.0,
877,XZ0212,XZ0212:00009:,4,SALAS Y SOFAS,SOFACAMAS,9.0,
878,XZ0292,XZ0292:00029:,4,SALAS Y SOFAS,SOFACAMAS,29.0,
879,D00036,D00036:00210:00210,1,SALAS Y SOFAS,SOFAS L,210.0,210.0
880,D00046,D00046:00061:00061,1,SALAS Y SOFAS,SOFAS L,61.0,61.0
881,D00047,D00047:00061:00061,1,SALAS Y SOFAS,SOFAS L,61.0,61.0
882,D00514,D00514:00061:00061,1,SALAS Y SOFAS,SOFAS L,61.0,61.0
883,XC0091,XC0091:00029:,5,SALAS Y SOFAS,SOFAS L,29.0,
884,BR0040,BR0040::,29,SALAS Y SOFAS,ESTANTE,,
885,BR0046,BR0046::,22,SALAS Y SOFAS,ESTANTE,,
886,BR0047,BR0047::,35,SALAS Y SOFAS,ESTANTE,,
887,BR0048,BR0048::,14,SALAS Y SOFAS,ESTANTE,,
888,XN0496,XN0496:00026:,4,SALAS Y SOFAS,ESTANTE,26.0,
889,XY0255,XY0255:00005:,5,SALAS Y SOFAS,ESTANTE,5.0,
890,XZ0173,XZ0173:00046:,6,SALAS Y SOFAS,ESTANTE,46.0,
891,XZ0175,XZ0175:00046:,2,SALAS Y SOFAS,ESTANTE,46.0,
892,XZ0192,XZ0192:00002:,14,SALAS Y SOFAS,ESTANTE,2.0,
893,XZ0197,XZ0197:00002:,2,SALAS Y SOFAS,ESTANTE,2.0,
894,XZ0263,XZ0263:00132:,4,SALAS Y SOFAS,ESTANTE,132.0,
895,XZ0267,XZ0267:00001:,3,SALAS Y SOFAS,ESTANTE,1.0,
896,XZ0486,XZ0486:00001:,18,SALAS Y SOFAS,ESTANTE,1.0,
897,XZ0875,XZ0875:00016:,12,SALAS Y SOFAS,ESTANTE,16.0,
898,XZ0876,XZ0876:00016:,3,SALAS Y SOFAS,ESTANTE,16.0,
899,XZ0941,XZ0941:00136:,2,SALAS Y SOFAS,ESTANTE,136.0,
900,XC0086,XC0086:00062:,9,ESTUDIO,BIBLIOTECAS,62.0,
901,BR0004,BR0004:00193:,53,ESTUDIO,ESCRITORIOS,193.0,
902,BR0005,BR0005:00193:,40,ESTUDIO,ESCRITORIOS,193.0,
903,BR0012,BR0012:00194:,31,ESTUDIO,ESCRITORIOS,194.0,
904,BR0014,BR0014:00001:,29,ESTUDIO,ESCRITORIOS,1.0,
905,BR0020,BR0020:00001:,48,ESTUDIO,ESCRITORIOS,1.0,
906,BR0021,BR0021:00159:,6,ESTUDIO,ESCRITORIOS,159.0,
907,BR0022,BR0022:00001:,12,ESTUDIO,ESCRITORIOS,1.0,
908,BR0023,BR0023:00159:,8,ESTUDIO,ESCRITORIOS,159.0,
909,BR0024,BR0024:00197:,35,ESTUDIO,ESCRITORIOS,197.0,
910,BR0025,BR0025:00001:,28,ESTUDIO,ESCRITORIOS,1.0,
911,BR0026,BR0026:00001:,17,ESTUDIO,ESCRITORIOS,1.0,
912,BR0027,BR0027:00001:,13,ESTUDIO,ESCRITORIOS,1.0,
913,BR0028,BR0028:00001:,74,ESTUDIO,ESCRITORIOS,1.0,
914,BR0029,BR0029:00197:,2,ESTUDIO,ESCRITORIOS,197.0,
915,BR0030,BR0030:00200:,48,ESTUDIO,ESCRITORIOS,200.0,
916,BR0035,BR0035:00199:,14,ESTUDIO,ESCRITORIOS,199.0,
917,D00121,D00121:00021:,1,ESTUDIO,ESCRITORIOS,21.0,
918,D00122,D00122:00021:,1,ESTUDIO,ESCRITORIOS,21.0,
919,BR0002,BR0002:00193:,27,ESTUDIO,ESTANTES,193.0,
920,BR0003,BR0003:00194:,25,ESTUDIO,ESTANTES,194.0,
921,BR0006,BR0006:00196:,7,ESTUDIO,ESTANTES,196.0,
922,BR0007,BR0007:00195:,3,ESTUDIO,ESTANTES,195.0,
923,BR0008,BR0008:00012:,10,ESTUDIO,ESTANTES,12.0,
924,BR0009,BR0009:00196:,1,ESTUDIO,ESTANTES,196.0,
925,BR0034,BR0034:00001:,23,ESTUDIO,ESTANTES,1.0,
926,XC0024,XC0024:00061:,22,ESTUDIO,ESTANTES,61.0,
927,XC0025,XC0025:00141:,31,ESTUDIO,ESTANTES,141.0,
928,XC0026,XC0026:00141:,28,ESTUDIO,ESTANTES,141.0,
929,XC0027,XC0027:00141:,19,ESTUDIO,ESTANTES,141.0,
930,XC0155,XC0155::,1,ESTUDIO,SILLAS DE OFICINA,,
931,XC0156,XC0156::,16,ESTUDIO,SILLAS DE OFICINA,,
932,XC0157,XC0157::,12,ESTUDIO,SILLAS DE OFICINA,,
933,XC0159,XC0159::,14,ESTUDIO,SILLAS DE OFICINA,,
934,XC0160,XC0160::,2,ESTUDIO,SILLAS DE OFICINA,,
935,XC0161,XC0161::,97,ESTUDIO,SILLAS DE OFICINA,,
936,XC0162,XC0162::,66,ESTUDIO,SILLAS DE OFICINA,,
937,XC0163,XC0163::,99,ESTUDIO,SILLAS DE OFICINA,,
938,XC0063,XC0063::,20,ESTUDIO,ESTANTE,,
939,XC0104,XC0104:00051:,21,ESTUDIO,ESTANTE,51.0,
940,XC0105,XC0105:00051:,9,ESTUDIO,ESTANTE,51.0,
